filename,label,source_video,center_s,duration_s
solar-transit-1c_ev00.npz,positive,transits from David/solar-transit-1c.mp4,0.967,0.333
solar-transit-1c_hardneg000.npz,negative_hard,transits from David/solar-transit-1c.mp4,3.966,0.000
solar-transit-1c_ev01.npz,positive,transits from David/solar-transit-1c.mp4,2.350,0.366
solar-transit-1c_hardneg001.npz,negative_hard,transits from David/solar-transit-1c.mp4,5.350,0.000
solar-transit-1c_neg002.npz,negative,transits from David/solar-transit-1c.mp4,6.413,0.000
solar-transit-1c_neg003.npz,negative,transits from David/solar-transit-1c.mp4,5.911,0.000
solar-transit-1c_neg004.npz,negative,transits from David/solar-transit-1c.mp4,5.889,0.000
solar-transit-1c_neg005.npz,negative,transits from David/solar-transit-1c.mp4,6.807,0.000
solar-transit-1c_neg006.npz,negative,transits from David/solar-transit-1c.mp4,6.141,0.000
solar-transit-1c_neg007.npz,negative,transits from David/solar-transit-1c.mp4,5.897,0.000
solar-transit-2_ev00.npz,positive,transits from David/solar-transit-2.mp4,0.183,0.367
solar-transit-2_hardneg000.npz,negative_hard,transits from David/solar-transit-2.mp4,3.183,0.000
solar-transit-2_ev01.npz,positive,transits from David/solar-transit-2.mp4,1.883,0.233
solar-transit-2_hardneg001.npz,negative_hard,transits from David/solar-transit-2.mp4,4.883,0.000
solar-transit-2_ev02.npz,positive,transits from David/solar-transit-2.mp4,5.100,0.866
solar-transit-2_hardneg002.npz,negative_hard,transits from David/solar-transit-2.mp4,2.100,0.000
solar-transit-3-full_neg000.npz,negative,transits from David/solar-transit-3-full.mp4,3.203,0.000
solar-transit-3-full_neg001.npz,negative,transits from David/solar-transit-3-full.mp4,8.006,0.000
solar-transit-3-full_neg002.npz,negative,transits from David/solar-transit-3-full.mp4,10.991,0.000
solar-transit-3c_ev00.npz,positive,transits from David/solar-transit-3c.mp4,2.716,0.833
solar-transit-4_ev00.npz,positive,transits from David/solar-transit-4.mp4,4.820,0.360
solar-transit-4_hardneg000.npz,negative_hard,transits from David/solar-transit-4.mp4,1.820,0.000
solar-transit-4_neg001.npz,negative,transits from David/solar-transit-4.mp4,1.471,0.000
solar-transit-4_neg002.npz,negative,transits from David/solar-transit-4.mp4,1.492,0.000
solar-transit-4_neg003.npz,negative,transits from David/solar-transit-4.mp4,1.489,0.000
solar-transit-5_ev00.npz,positive,transits from David/solar-transit-5.mp4,4.191,1.543
solar-transit-5_hardneg000.npz,negative_hard,transits from David/solar-transit-5.mp4,1.191,0.000
transit-1_ev00.npz,positive,transits from David/transit-1.mp4,0.800,0.334
transit-1_ev01.npz,positive,transits from David/transit-1.mp4,1.784,0.367
transit-2_ev00.npz,positive,transits from David/transit-2.mp4,0.334,0.667
transit-2_hardneg000.npz,negative_hard,transits from David/transit-2.mp4,3.333,0.000
transit-2_ev01.npz,positive,transits from David/transit-2.mp4,3.933,1.000
transit-2_hardneg001.npz,negative_hard,transits from David/transit-2.mp4,0.933,0.000
transit-3_ev00.npz,positive,transits from David/transit-3.mp4,0.567,1.067
synth_pos_0000.npz,positive_synthetic,synthetic,0,1
synth_pos_0001.npz,positive_synthetic,synthetic,0,1
synth_pos_0002.npz,positive_synthetic,synthetic,0,1
synth_pos_0003.npz,positive_synthetic,synthetic,0,1
synth_pos_0004.npz,positive_synthetic,synthetic,0,1
synth_pos_0005.npz,positive_synthetic,synthetic,0,1
synth_pos_0006.npz,positive_synthetic,synthetic,0,1
synth_pos_0007.npz,positive_synthetic,synthetic,0,1
synth_pos_0008.npz,positive_synthetic,synthetic,0,1
synth_pos_0009.npz,positive_synthetic,synthetic,0,1
synth_pos_0010.npz,positive_synthetic,synthetic,0,1
synth_pos_0011.npz,positive_synthetic,synthetic,0,1
synth_pos_0012.npz,positive_synthetic,synthetic,0,1
synth_pos_0013.npz,positive_synthetic,synthetic,0,1
synth_pos_0014.npz,positive_synthetic,synthetic,0,1
synth_pos_0015.npz,positive_synthetic,synthetic,0,1
synth_pos_0016.npz,positive_synthetic,synthetic,0,1
synth_pos_0017.npz,positive_synthetic,synthetic,0,1
synth_pos_0018.npz,positive_synthetic,synthetic,0,1
synth_pos_0019.npz,positive_synthetic,synthetic,0,1
synth_pos_0020.npz,positive_synthetic,synthetic,0,1
synth_pos_0021.npz,positive_synthetic,synthetic,0,1
synth_pos_0022.npz,positive_synthetic,synthetic,0,1
synth_pos_0023.npz,positive_synthetic,synthetic,0,1
synth_pos_0024.npz,positive_synthetic,synthetic,0,1
synth_pos_0025.npz,positive_synthetic,synthetic,0,1
synth_pos_0026.npz,positive_synthetic,synthetic,0,1
synth_pos_0027.npz,positive_synthetic,synthetic,0,1
synth_pos_0028.npz,positive_synthetic,synthetic,0,1
synth_pos_0029.npz,positive_synthetic,synthetic,0,1
synth_pos_0030.npz,positive_synthetic,synthetic,0,1
synth_pos_0031.npz,positive_synthetic,synthetic,0,1
synth_pos_0032.npz,positive_synthetic,synthetic,0,1
synth_pos_0033.npz,positive_synthetic,synthetic,0,1
synth_pos_0034.npz,positive_synthetic,synthetic,0,1
synth_pos_0035.npz,positive_synthetic,synthetic,0,1
synth_pos_0036.npz,positive_synthetic,synthetic,0,1
synth_pos_0037.npz,positive_synthetic,synthetic,0,1
synth_pos_0038.npz,positive_synthetic,synthetic,0,1
synth_pos_0039.npz,positive_synthetic,synthetic,0,1
synth_pos_0040.npz,positive_synthetic,synthetic,0,1
synth_pos_0041.npz,positive_synthetic,synthetic,0,1
synth_pos_0042.npz,positive_synthetic,synthetic,0,1
synth_pos_0043.npz,positive_synthetic,synthetic,0,1
synth_pos_0044.npz,positive_synthetic,synthetic,0,1
synth_pos_0045.npz,positive_synthetic,synthetic,0,1
synth_pos_0046.npz,positive_synthetic,synthetic,0,1
synth_pos_0047.npz,positive_synthetic,synthetic,0,1
synth_pos_0048.npz,positive_synthetic,synthetic,0,1
synth_pos_0049.npz,positive_synthetic,synthetic,0,1
synth_pos_0050.npz,positive_synthetic,synthetic,0,1
synth_pos_0051.npz,positive_synthetic,synthetic,0,1
synth_pos_0052.npz,positive_synthetic,synthetic,0,1
synth_pos_0053.npz,positive_synthetic,synthetic,0,1
synth_pos_0054.npz,positive_synthetic,synthetic,0,1
synth_pos_0055.npz,positive_synthetic,synthetic,0,1
synth_pos_0056.npz,positive_synthetic,synthetic,0,1
synth_pos_0057.npz,positive_synthetic,synthetic,0,1
synth_pos_0058.npz,positive_synthetic,synthetic,0,1
synth_pos_0059.npz,positive_synthetic,synthetic,0,1
synth_pos_0060.npz,positive_synthetic,synthetic,0,1
synth_pos_0061.npz,positive_synthetic,synthetic,0,1
synth_pos_0062.npz,positive_synthetic,synthetic,0,1
synth_pos_0063.npz,positive_synthetic,synthetic,0,1
synth_pos_0064.npz,positive_synthetic,synthetic,0,1
synth_pos_0065.npz,positive_synthetic,synthetic,0,1
synth_pos_0066.npz,positive_synthetic,synthetic,0,1
synth_pos_0067.npz,positive_synthetic,synthetic,0,1
synth_pos_0068.npz,positive_synthetic,synthetic,0,1
synth_pos_0069.npz,positive_synthetic,synthetic,0,1
synth_pos_0070.npz,positive_synthetic,synthetic,0,1
synth_pos_0071.npz,positive_synthetic,synthetic,0,1
synth_pos_0072.npz,positive_synthetic,synthetic,0,1
synth_pos_0073.npz,positive_synthetic,synthetic,0,1
synth_pos_0074.npz,positive_synthetic,synthetic,0,1
synth_pos_0075.npz,positive_synthetic,synthetic,0,1
synth_pos_0076.npz,positive_synthetic,synthetic,0,1
synth_pos_0077.npz,positive_synthetic,synthetic,0,1
synth_pos_0078.npz,positive_synthetic,synthetic,0,1
synth_pos_0079.npz,positive_synthetic,synthetic,0,1
synth_pos_0080.npz,positive_synthetic,synthetic,0,1
synth_pos_0081.npz,positive_synthetic,synthetic,0,1
synth_pos_0082.npz,positive_synthetic,synthetic,0,1
synth_pos_0083.npz,positive_synthetic,synthetic,0,1
synth_pos_0084.npz,positive_synthetic,synthetic,0,1
synth_pos_0085.npz,positive_synthetic,synthetic,0,1
synth_pos_0086.npz,positive_synthetic,synthetic,0,1
synth_pos_0087.npz,positive_synthetic,synthetic,0,1
synth_pos_0088.npz,positive_synthetic,synthetic,0,1
synth_pos_0089.npz,positive_synthetic,synthetic,0,1
synth_pos_0090.npz,positive_synthetic,synthetic,0,1
synth_pos_0091.npz,positive_synthetic,synthetic,0,1
synth_pos_0092.npz,positive_synthetic,synthetic,0,1
synth_pos_0093.npz,positive_synthetic,synthetic,0,1
synth_pos_0094.npz,positive_synthetic,synthetic,0,1
synth_pos_0095.npz,positive_synthetic,synthetic,0,1
synth_pos_0096.npz,positive_synthetic,synthetic,0,1
synth_pos_0097.npz,positive_synthetic,synthetic,0,1
synth_pos_0098.npz,positive_synthetic,synthetic,0,1
synth_pos_0099.npz,positive_synthetic,synthetic,0,1
synth_pos_0100.npz,positive_synthetic,synthetic,0,1
synth_pos_0101.npz,positive_synthetic,synthetic,0,1
synth_pos_0102.npz,positive_synthetic,synthetic,0,1
synth_pos_0103.npz,positive_synthetic,synthetic,0,1
synth_pos_0104.npz,positive_synthetic,synthetic,0,1
synth_pos_0105.npz,positive_synthetic,synthetic,0,1
synth_pos_0106.npz,positive_synthetic,synthetic,0,1
synth_pos_0107.npz,positive_synthetic,synthetic,0,1
synth_pos_0108.npz,positive_synthetic,synthetic,0,1
synth_pos_0109.npz,positive_synthetic,synthetic,0,1
synth_pos_0110.npz,positive_synthetic,synthetic,0,1
synth_pos_0111.npz,positive_synthetic,synthetic,0,1
synth_pos_0112.npz,positive_synthetic,synthetic,0,1
synth_pos_0113.npz,positive_synthetic,synthetic,0,1
synth_pos_0114.npz,positive_synthetic,synthetic,0,1
synth_pos_0115.npz,positive_synthetic,synthetic,0,1
synth_pos_0116.npz,positive_synthetic,synthetic,0,1
synth_pos_0117.npz,positive_synthetic,synthetic,0,1
synth_pos_0118.npz,positive_synthetic,synthetic,0,1
synth_pos_0119.npz,positive_synthetic,synthetic,0,1
synth_pos_0120.npz,positive_synthetic,synthetic,0,1
synth_pos_0121.npz,positive_synthetic,synthetic,0,1
synth_pos_0122.npz,positive_synthetic,synthetic,0,1
synth_pos_0123.npz,positive_synthetic,synthetic,0,1
synth_pos_0124.npz,positive_synthetic,synthetic,0,1
synth_pos_0125.npz,positive_synthetic,synthetic,0,1
synth_pos_0126.npz,positive_synthetic,synthetic,0,1
synth_pos_0127.npz,positive_synthetic,synthetic,0,1
synth_pos_0128.npz,positive_synthetic,synthetic,0,1
synth_pos_0129.npz,positive_synthetic,synthetic,0,1
synth_pos_0130.npz,positive_synthetic,synthetic,0,1
synth_pos_0131.npz,positive_synthetic,synthetic,0,1
synth_pos_0132.npz,positive_synthetic,synthetic,0,1
synth_pos_0133.npz,positive_synthetic,synthetic,0,1
synth_pos_0134.npz,positive_synthetic,synthetic,0,1
synth_pos_0135.npz,positive_synthetic,synthetic,0,1
synth_pos_0136.npz,positive_synthetic,synthetic,0,1
synth_pos_0137.npz,positive_synthetic,synthetic,0,1
synth_pos_0138.npz,positive_synthetic,synthetic,0,1
synth_pos_0139.npz,positive_synthetic,synthetic,0,1
synth_pos_0140.npz,positive_synthetic,synthetic,0,1
synth_pos_0141.npz,positive_synthetic,synthetic,0,1
synth_pos_0142.npz,positive_synthetic,synthetic,0,1
synth_pos_0143.npz,positive_synthetic,synthetic,0,1
synth_pos_0144.npz,positive_synthetic,synthetic,0,1
synth_pos_0145.npz,positive_synthetic,synthetic,0,1
synth_pos_0146.npz,positive_synthetic,synthetic,0,1
synth_pos_0147.npz,positive_synthetic,synthetic,0,1
synth_pos_0148.npz,positive_synthetic,synthetic,0,1
synth_pos_0149.npz,positive_synthetic,synthetic,0,1
synth_pos_0150.npz,positive_synthetic,synthetic,0,1
synth_pos_0151.npz,positive_synthetic,synthetic,0,1
synth_pos_0152.npz,positive_synthetic,synthetic,0,1
synth_pos_0153.npz,positive_synthetic,synthetic,0,1
synth_pos_0154.npz,positive_synthetic,synthetic,0,1
synth_pos_0155.npz,positive_synthetic,synthetic,0,1
synth_pos_0156.npz,positive_synthetic,synthetic,0,1
synth_pos_0157.npz,positive_synthetic,synthetic,0,1
synth_pos_0158.npz,positive_synthetic,synthetic,0,1
synth_pos_0159.npz,positive_synthetic,synthetic,0,1
synth_pos_0160.npz,positive_synthetic,synthetic,0,1
synth_pos_0161.npz,positive_synthetic,synthetic,0,1
synth_pos_0162.npz,positive_synthetic,synthetic,0,1
synth_pos_0163.npz,positive_synthetic,synthetic,0,1
synth_pos_0164.npz,positive_synthetic,synthetic,0,1
synth_pos_0165.npz,positive_synthetic,synthetic,0,1
synth_pos_0166.npz,positive_synthetic,synthetic,0,1
synth_pos_0167.npz,positive_synthetic,synthetic,0,1
synth_pos_0168.npz,positive_synthetic,synthetic,0,1
synth_pos_0169.npz,positive_synthetic,synthetic,0,1
synth_pos_0170.npz,positive_synthetic,synthetic,0,1
synth_pos_0171.npz,positive_synthetic,synthetic,0,1
synth_pos_0172.npz,positive_synthetic,synthetic,0,1
synth_pos_0173.npz,positive_synthetic,synthetic,0,1
synth_pos_0174.npz,positive_synthetic,synthetic,0,1
synth_pos_0175.npz,positive_synthetic,synthetic,0,1
synth_pos_0176.npz,positive_synthetic,synthetic,0,1
synth_pos_0177.npz,positive_synthetic,synthetic,0,1
synth_pos_0178.npz,positive_synthetic,synthetic,0,1
synth_pos_0179.npz,positive_synthetic,synthetic,0,1
synth_pos_0180.npz,positive_synthetic,synthetic,0,1
synth_pos_0181.npz,positive_synthetic,synthetic,0,1
synth_pos_0182.npz,positive_synthetic,synthetic,0,1
synth_pos_0183.npz,positive_synthetic,synthetic,0,1
synth_pos_0184.npz,positive_synthetic,synthetic,0,1
synth_pos_0185.npz,positive_synthetic,synthetic,0,1
synth_pos_0186.npz,positive_synthetic,synthetic,0,1
synth_pos_0187.npz,positive_synthetic,synthetic,0,1
synth_pos_0188.npz,positive_synthetic,synthetic,0,1
synth_pos_0189.npz,positive_synthetic,synthetic,0,1
synth_pos_0190.npz,positive_synthetic,synthetic,0,1
synth_pos_0191.npz,positive_synthetic,synthetic,0,1
synth_pos_0192.npz,positive_synthetic,synthetic,0,1
synth_pos_0193.npz,positive_synthetic,synthetic,0,1
synth_pos_0194.npz,positive_synthetic,synthetic,0,1
synth_pos_0195.npz,positive_synthetic,synthetic,0,1
synth_pos_0196.npz,positive_synthetic,synthetic,0,1
synth_pos_0197.npz,positive_synthetic,synthetic,0,1
synth_pos_0198.npz,positive_synthetic,synthetic,0,1
synth_pos_0199.npz,positive_synthetic,synthetic,0,1
synth_pos_0200.npz,positive_synthetic,synthetic,0,1
synth_pos_0201.npz,positive_synthetic,synthetic,0,1
synth_pos_0202.npz,positive_synthetic,synthetic,0,1
synth_pos_0203.npz,positive_synthetic,synthetic,0,1
synth_pos_0204.npz,positive_synthetic,synthetic,0,1
synth_pos_0205.npz,positive_synthetic,synthetic,0,1
synth_pos_0206.npz,positive_synthetic,synthetic,0,1
synth_pos_0207.npz,positive_synthetic,synthetic,0,1
synth_pos_0208.npz,positive_synthetic,synthetic,0,1
synth_pos_0209.npz,positive_synthetic,synthetic,0,1
synth_pos_0210.npz,positive_synthetic,synthetic,0,1
synth_pos_0211.npz,positive_synthetic,synthetic,0,1
synth_pos_0212.npz,positive_synthetic,synthetic,0,1
synth_pos_0213.npz,positive_synthetic,synthetic,0,1
synth_pos_0214.npz,positive_synthetic,synthetic,0,1
synth_pos_0215.npz,positive_synthetic,synthetic,0,1
synth_pos_0216.npz,positive_synthetic,synthetic,0,1
synth_pos_0217.npz,positive_synthetic,synthetic,0,1
synth_pos_0218.npz,positive_synthetic,synthetic,0,1
synth_pos_0219.npz,positive_synthetic,synthetic,0,1
synth_pos_0220.npz,positive_synthetic,synthetic,0,1
synth_pos_0221.npz,positive_synthetic,synthetic,0,1
synth_pos_0222.npz,positive_synthetic,synthetic,0,1
synth_pos_0223.npz,positive_synthetic,synthetic,0,1
synth_pos_0224.npz,positive_synthetic,synthetic,0,1
synth_pos_0225.npz,positive_synthetic,synthetic,0,1
synth_pos_0226.npz,positive_synthetic,synthetic,0,1
synth_pos_0227.npz,positive_synthetic,synthetic,0,1
synth_pos_0228.npz,positive_synthetic,synthetic,0,1
synth_pos_0229.npz,positive_synthetic,synthetic,0,1
synth_pos_0230.npz,positive_synthetic,synthetic,0,1
synth_pos_0231.npz,positive_synthetic,synthetic,0,1
synth_pos_0232.npz,positive_synthetic,synthetic,0,1
synth_pos_0233.npz,positive_synthetic,synthetic,0,1
synth_pos_0234.npz,positive_synthetic,synthetic,0,1
synth_pos_0235.npz,positive_synthetic,synthetic,0,1
synth_pos_0236.npz,positive_synthetic,synthetic,0,1
synth_pos_0237.npz,positive_synthetic,synthetic,0,1
synth_pos_0238.npz,positive_synthetic,synthetic,0,1
synth_pos_0239.npz,positive_synthetic,synthetic,0,1
synth_pos_0240.npz,positive_synthetic,synthetic,0,1
synth_pos_0241.npz,positive_synthetic,synthetic,0,1
synth_pos_0242.npz,positive_synthetic,synthetic,0,1
synth_pos_0243.npz,positive_synthetic,synthetic,0,1
synth_pos_0244.npz,positive_synthetic,synthetic,0,1
synth_pos_0245.npz,positive_synthetic,synthetic,0,1
synth_pos_0246.npz,positive_synthetic,synthetic,0,1
synth_pos_0247.npz,positive_synthetic,synthetic,0,1
synth_pos_0248.npz,positive_synthetic,synthetic,0,1
synth_pos_0249.npz,positive_synthetic,synthetic,0,1
synth_pos_0250.npz,positive_synthetic,synthetic,0,1
synth_pos_0251.npz,positive_synthetic,synthetic,0,1
synth_pos_0252.npz,positive_synthetic,synthetic,0,1
synth_pos_0253.npz,positive_synthetic,synthetic,0,1
synth_pos_0254.npz,positive_synthetic,synthetic,0,1
synth_pos_0255.npz,positive_synthetic,synthetic,0,1
synth_pos_0256.npz,positive_synthetic,synthetic,0,1
synth_pos_0257.npz,positive_synthetic,synthetic,0,1
synth_pos_0258.npz,positive_synthetic,synthetic,0,1
synth_pos_0259.npz,positive_synthetic,synthetic,0,1
synth_pos_0260.npz,positive_synthetic,synthetic,0,1
synth_pos_0261.npz,positive_synthetic,synthetic,0,1
synth_pos_0262.npz,positive_synthetic,synthetic,0,1
synth_pos_0263.npz,positive_synthetic,synthetic,0,1
synth_pos_0264.npz,positive_synthetic,synthetic,0,1
synth_pos_0265.npz,positive_synthetic,synthetic,0,1
synth_pos_0266.npz,positive_synthetic,synthetic,0,1
synth_pos_0267.npz,positive_synthetic,synthetic,0,1
synth_pos_0268.npz,positive_synthetic,synthetic,0,1
synth_pos_0269.npz,positive_synthetic,synthetic,0,1
synth_pos_0270.npz,positive_synthetic,synthetic,0,1
synth_pos_0271.npz,positive_synthetic,synthetic,0,1
synth_pos_0272.npz,positive_synthetic,synthetic,0,1
synth_pos_0273.npz,positive_synthetic,synthetic,0,1
synth_pos_0274.npz,positive_synthetic,synthetic,0,1
synth_pos_0275.npz,positive_synthetic,synthetic,0,1
synth_pos_0276.npz,positive_synthetic,synthetic,0,1
synth_pos_0277.npz,positive_synthetic,synthetic,0,1
synth_pos_0278.npz,positive_synthetic,synthetic,0,1
synth_pos_0279.npz,positive_synthetic,synthetic,0,1
synth_pos_0280.npz,positive_synthetic,synthetic,0,1
synth_pos_0281.npz,positive_synthetic,synthetic,0,1
synth_pos_0282.npz,positive_synthetic,synthetic,0,1
synth_pos_0283.npz,positive_synthetic,synthetic,0,1
synth_pos_0284.npz,positive_synthetic,synthetic,0,1
synth_pos_0285.npz,positive_synthetic,synthetic,0,1
synth_pos_0286.npz,positive_synthetic,synthetic,0,1
synth_pos_0287.npz,positive_synthetic,synthetic,0,1
synth_pos_0288.npz,positive_synthetic,synthetic,0,1
synth_pos_0289.npz,positive_synthetic,synthetic,0,1
synth_pos_0290.npz,positive_synthetic,synthetic,0,1
synth_pos_0291.npz,positive_synthetic,synthetic,0,1
synth_pos_0292.npz,positive_synthetic,synthetic,0,1
synth_pos_0293.npz,positive_synthetic,synthetic,0,1
synth_pos_0294.npz,positive_synthetic,synthetic,0,1
synth_pos_0295.npz,positive_synthetic,synthetic,0,1
synth_pos_0296.npz,positive_synthetic,synthetic,0,1
synth_pos_0297.npz,positive_synthetic,synthetic,0,1
synth_pos_0298.npz,positive_synthetic,synthetic,0,1
synth_pos_0299.npz,positive_synthetic,synthetic,0,1
synth_pos_0300.npz,positive_synthetic,synthetic,0,1
synth_pos_0301.npz,positive_synthetic,synthetic,0,1
synth_pos_0302.npz,positive_synthetic,synthetic,0,1
synth_pos_0303.npz,positive_synthetic,synthetic,0,1
synth_pos_0304.npz,positive_synthetic,synthetic,0,1
synth_pos_0305.npz,positive_synthetic,synthetic,0,1
synth_pos_0306.npz,positive_synthetic,synthetic,0,1
synth_pos_0307.npz,positive_synthetic,synthetic,0,1
synth_pos_0308.npz,positive_synthetic,synthetic,0,1
synth_pos_0309.npz,positive_synthetic,synthetic,0,1
synth_pos_0310.npz,positive_synthetic,synthetic,0,1
synth_pos_0311.npz,positive_synthetic,synthetic,0,1
synth_pos_0312.npz,positive_synthetic,synthetic,0,1
synth_pos_0313.npz,positive_synthetic,synthetic,0,1
synth_pos_0314.npz,positive_synthetic,synthetic,0,1
synth_pos_0315.npz,positive_synthetic,synthetic,0,1
synth_pos_0316.npz,positive_synthetic,synthetic,0,1
synth_pos_0317.npz,positive_synthetic,synthetic,0,1
synth_pos_0318.npz,positive_synthetic,synthetic,0,1
synth_pos_0319.npz,positive_synthetic,synthetic,0,1
synth_pos_0320.npz,positive_synthetic,synthetic,0,1
synth_pos_0321.npz,positive_synthetic,synthetic,0,1
synth_pos_0322.npz,positive_synthetic,synthetic,0,1
synth_pos_0323.npz,positive_synthetic,synthetic,0,1
synth_pos_0324.npz,positive_synthetic,synthetic,0,1
synth_pos_0325.npz,positive_synthetic,synthetic,0,1
synth_pos_0326.npz,positive_synthetic,synthetic,0,1
synth_pos_0327.npz,positive_synthetic,synthetic,0,1
synth_pos_0328.npz,positive_synthetic,synthetic,0,1
synth_pos_0329.npz,positive_synthetic,synthetic,0,1
synth_pos_0330.npz,positive_synthetic,synthetic,0,1
synth_pos_0331.npz,positive_synthetic,synthetic,0,1
synth_pos_0332.npz,positive_synthetic,synthetic,0,1
synth_pos_0333.npz,positive_synthetic,synthetic,0,1
synth_pos_0334.npz,positive_synthetic,synthetic,0,1
synth_pos_0335.npz,positive_synthetic,synthetic,0,1
synth_pos_0336.npz,positive_synthetic,synthetic,0,1
synth_pos_0337.npz,positive_synthetic,synthetic,0,1
synth_pos_0338.npz,positive_synthetic,synthetic,0,1
synth_pos_0339.npz,positive_synthetic,synthetic,0,1
synth_pos_0340.npz,positive_synthetic,synthetic,0,1
synth_pos_0341.npz,positive_synthetic,synthetic,0,1
synth_pos_0342.npz,positive_synthetic,synthetic,0,1
synth_pos_0343.npz,positive_synthetic,synthetic,0,1
synth_pos_0344.npz,positive_synthetic,synthetic,0,1
synth_pos_0345.npz,positive_synthetic,synthetic,0,1
synth_pos_0346.npz,positive_synthetic,synthetic,0,1
synth_pos_0347.npz,positive_synthetic,synthetic,0,1
synth_pos_0348.npz,positive_synthetic,synthetic,0,1
synth_pos_0349.npz,positive_synthetic,synthetic,0,1
synth_pos_0350.npz,positive_synthetic,synthetic,0,1
synth_pos_0351.npz,positive_synthetic,synthetic,0,1
synth_pos_0352.npz,positive_synthetic,synthetic,0,1
synth_pos_0353.npz,positive_synthetic,synthetic,0,1
synth_pos_0354.npz,positive_synthetic,synthetic,0,1
synth_pos_0355.npz,positive_synthetic,synthetic,0,1
synth_pos_0356.npz,positive_synthetic,synthetic,0,1
synth_pos_0357.npz,positive_synthetic,synthetic,0,1
synth_pos_0358.npz,positive_synthetic,synthetic,0,1
synth_pos_0359.npz,positive_synthetic,synthetic,0,1
synth_pos_0360.npz,positive_synthetic,synthetic,0,1
synth_pos_0361.npz,positive_synthetic,synthetic,0,1
synth_pos_0362.npz,positive_synthetic,synthetic,0,1
synth_pos_0363.npz,positive_synthetic,synthetic,0,1
synth_pos_0364.npz,positive_synthetic,synthetic,0,1
synth_pos_0365.npz,positive_synthetic,synthetic,0,1
synth_pos_0366.npz,positive_synthetic,synthetic,0,1
synth_pos_0367.npz,positive_synthetic,synthetic,0,1
synth_pos_0368.npz,positive_synthetic,synthetic,0,1
synth_pos_0369.npz,positive_synthetic,synthetic,0,1
synth_pos_0370.npz,positive_synthetic,synthetic,0,1
synth_pos_0371.npz,positive_synthetic,synthetic,0,1
synth_pos_0372.npz,positive_synthetic,synthetic,0,1
synth_pos_0373.npz,positive_synthetic,synthetic,0,1
synth_pos_0374.npz,positive_synthetic,synthetic,0,1
synth_pos_0375.npz,positive_synthetic,synthetic,0,1
synth_pos_0376.npz,positive_synthetic,synthetic,0,1
synth_pos_0377.npz,positive_synthetic,synthetic,0,1
synth_pos_0378.npz,positive_synthetic,synthetic,0,1
synth_pos_0379.npz,positive_synthetic,synthetic,0,1
synth_pos_0380.npz,positive_synthetic,synthetic,0,1
synth_pos_0381.npz,positive_synthetic,synthetic,0,1
synth_pos_0382.npz,positive_synthetic,synthetic,0,1
synth_pos_0383.npz,positive_synthetic,synthetic,0,1
synth_pos_0384.npz,positive_synthetic,synthetic,0,1
synth_pos_0385.npz,positive_synthetic,synthetic,0,1
synth_pos_0386.npz,positive_synthetic,synthetic,0,1
synth_pos_0387.npz,positive_synthetic,synthetic,0,1
synth_pos_0388.npz,positive_synthetic,synthetic,0,1
synth_pos_0389.npz,positive_synthetic,synthetic,0,1
synth_pos_0390.npz,positive_synthetic,synthetic,0,1
synth_pos_0391.npz,positive_synthetic,synthetic,0,1
synth_pos_0392.npz,positive_synthetic,synthetic,0,1
synth_pos_0393.npz,positive_synthetic,synthetic,0,1
synth_pos_0394.npz,positive_synthetic,synthetic,0,1
synth_pos_0395.npz,positive_synthetic,synthetic,0,1
synth_pos_0396.npz,positive_synthetic,synthetic,0,1
synth_pos_0397.npz,positive_synthetic,synthetic,0,1
synth_pos_0398.npz,positive_synthetic,synthetic,0,1
synth_pos_0399.npz,positive_synthetic,synthetic,0,1
synth_neg_0000.npz,negative_synthetic_clear,synthetic,0,0
synth_neg_0001.npz,negative_synthetic_clear,synthetic,0,0
synth_neg_0002.npz,negative_synthetic_cloud,synthetic,0,0
synth_neg_0003.npz,negative_synthetic_sunspot,synthetic,0,0
synth_neg_0004.npz,negative_synthetic_clear,synthetic,0,0
synth_neg_0005.npz,negative_synthetic_clear,synthetic,0,0
synth_neg_0006.npz,negative_synthetic_cloud,synthetic,0,0
synth_neg_0007.npz,negative_synthetic_sunspot,synthetic,0,0
synth_neg_0008.npz,negative_synthetic_clear,synthetic,0,0
synth_neg_0009.npz,negative_synthetic_clear,synthetic,0,0
synth_neg_0010.npz,negative_synthetic_cloud,synthetic,0,0
synth_neg_0011.npz,negative_synthetic_sunspot,synthetic,0,0
synth_neg_0012.npz,negative_synthetic_clear,synthetic,0,0
synth_neg_0013.npz,negative_synthetic_clear,synthetic,0,0
synth_neg_0014.npz,negative_synthetic_cloud,synthetic,0,0
synth_neg_0015.npz,negative_synthetic_sunspot,synthetic,0,0
synth_neg_0016.npz,negative_synthetic_clear,synthetic,0,0
synth_neg_0017.npz,negative_synthetic_clear,synthetic,0,0
synth_neg_0018.npz,negative_synthetic_cloud,synthetic,0,0
synth_neg_0019.npz,negative_synthetic_sunspot,synthetic,0,0
synth_neg_0020.npz,negative_synthetic_clear,synthetic,0,0
synth_neg_0021.npz,negative_synthetic_clear,synthetic,0,0
synth_neg_0022.npz,negative_synthetic_cloud,synthetic,0,0
synth_neg_0023.npz,negative_synthetic_sunspot,synthetic,0,0
synth_neg_0024.npz,negative_synthetic_clear,synthetic,0,0
synth_neg_0025.npz,negative_synthetic_clear,synthetic,0,0
synth_neg_0026.npz,negative_synthetic_cloud,synthetic,0,0
synth_neg_0027.npz,negative_synthetic_sunspot,synthetic,0,0
synth_neg_0028.npz,negative_synthetic_clear,synthetic,0,0
synth_neg_0029.npz,negative_synthetic_clear,synthetic,0,0
synth_neg_0030.npz,negative_synthetic_cloud,synthetic,0,0
synth_neg_0031.npz,negative_synthetic_sunspot,synthetic,0,0
synth_neg_0032.npz,negative_synthetic_clear,synthetic,0,0
synth_neg_0033.npz,negative_synthetic_clear,synthetic,0,0
synth_neg_0034.npz,negative_synthetic_cloud,synthetic,0,0
synth_neg_0035.npz,negative_synthetic_sunspot,synthetic,0,0
synth_neg_0036.npz,negative_synthetic_clear,synthetic,0,0
synth_neg_0037.npz,negative_synthetic_clear,synthetic,0,0
synth_neg_0038.npz,negative_synthetic_cloud,synthetic,0,0
synth_neg_0039.npz,negative_synthetic_sunspot,synthetic,0,0
synth_neg_0040.npz,negative_synthetic_clear,synthetic,0,0
synth_neg_0041.npz,negative_synthetic_clear,synthetic,0,0
synth_neg_0042.npz,negative_synthetic_cloud,synthetic,0,0
synth_neg_0043.npz,negative_synthetic_sunspot,synthetic,0,0
synth_neg_0044.npz,negative_synthetic_clear,synthetic,0,0
synth_neg_0045.npz,negative_synthetic_clear,synthetic,0,0
synth_neg_0046.npz,negative_synthetic_cloud,synthetic,0,0
synth_neg_0047.npz,negative_synthetic_sunspot,synthetic,0,0
synth_neg_0048.npz,negative_synthetic_clear,synthetic,0,0
synth_neg_0049.npz,negative_synthetic_clear,synthetic,0,0
synth_neg_0050.npz,negative_synthetic_cloud,synthetic,0,0
synth_neg_0051.npz,negative_synthetic_sunspot,synthetic,0,0
synth_neg_0052.npz,negative_synthetic_clear,synthetic,0,0
synth_neg_0053.npz,negative_synthetic_clear,synthetic,0,0
synth_neg_0054.npz,negative_synthetic_cloud,synthetic,0,0
synth_neg_0055.npz,negative_synthetic_sunspot,synthetic,0,0
synth_neg_0056.npz,negative_synthetic_clear,synthetic,0,0
synth_neg_0057.npz,negative_synthetic_clear,synthetic,0,0
synth_neg_0058.npz,negative_synthetic_cloud,synthetic,0,0
synth_neg_0059.npz,negative_synthetic_sunspot,synthetic,0,0
synth_neg_0060.npz,negative_synthetic_clear,synthetic,0,0
synth_neg_0061.npz,negative_synthetic_clear,synthetic,0,0
synth_neg_0062.npz,negative_synthetic_cloud,synthetic,0,0
synth_neg_0063.npz,negative_synthetic_sunspot,synthetic,0,0
synth_neg_0064.npz,negative_synthetic_clear,synthetic,0,0
synth_neg_0065.npz,negative_synthetic_clear,synthetic,0,0
synth_neg_0066.npz,negative_synthetic_cloud,synthetic,0,0
synth_neg_0067.npz,negative_synthetic_sunspot,synthetic,0,0
synth_neg_0068.npz,negative_synthetic_clear,synthetic,0,0
synth_neg_0069.npz,negative_synthetic_clear,synthetic,0,0
synth_neg_0070.npz,negative_synthetic_cloud,synthetic,0,0
synth_neg_0071.npz,negative_synthetic_sunspot,synthetic,0,0
synth_neg_0072.npz,negative_synthetic_clear,synthetic,0,0
synth_neg_0073.npz,negative_synthetic_clear,synthetic,0,0
synth_neg_0074.npz,negative_synthetic_cloud,synthetic,0,0
synth_neg_0075.npz,negative_synthetic_sunspot,synthetic,0,0
synth_neg_0076.npz,negative_synthetic_clear,synthetic,0,0
synth_neg_0077.npz,negative_synthetic_clear,synthetic,0,0
synth_neg_0078.npz,negative_synthetic_cloud,synthetic,0,0
synth_neg_0079.npz,negative_synthetic_sunspot,synthetic,0,0
synth_neg_0080.npz,negative_synthetic_clear,synthetic,0,0
synth_neg_0081.npz,negative_synthetic_clear,synthetic,0,0
synth_neg_0082.npz,negative_synthetic_cloud,synthetic,0,0
synth_neg_0083.npz,negative_synthetic_sunspot,synthetic,0,0
synth_neg_0084.npz,negative_synthetic_clear,synthetic,0,0
synth_neg_0085.npz,negative_synthetic_clear,synthetic,0,0
synth_neg_0086.npz,negative_synthetic_cloud,synthetic,0,0
synth_neg_0087.npz,negative_synthetic_sunspot,synthetic,0,0
synth_neg_0088.npz,negative_synthetic_clear,synthetic,0,0
synth_neg_0089.npz,negative_synthetic_clear,synthetic,0,0
synth_neg_0090.npz,negative_synthetic_cloud,synthetic,0,0
synth_neg_0091.npz,negative_synthetic_sunspot,synthetic,0,0
synth_neg_0092.npz,negative_synthetic_clear,synthetic,0,0
synth_neg_0093.npz,negative_synthetic_clear,synthetic,0,0
synth_neg_0094.npz,negative_synthetic_cloud,synthetic,0,0
synth_neg_0095.npz,negative_synthetic_sunspot,synthetic,0,0
synth_neg_0096.npz,negative_synthetic_clear,synthetic,0,0
synth_neg_0097.npz,negative_synthetic_clear,synthetic,0,0
synth_neg_0098.npz,negative_synthetic_cloud,synthetic,0,0
synth_neg_0099.npz,negative_synthetic_sunspot,synthetic,0,0
synth_neg_0100.npz,negative_synthetic_clear,synthetic,0,0
synth_neg_0101.npz,negative_synthetic_clear,synthetic,0,0
synth_neg_0102.npz,negative_synthetic_cloud,synthetic,0,0
synth_neg_0103.npz,negative_synthetic_sunspot,synthetic,0,0
synth_neg_0104.npz,negative_synthetic_clear,synthetic,0,0
synth_neg_0105.npz,negative_synthetic_clear,synthetic,0,0
synth_neg_0106.npz,negative_synthetic_cloud,synthetic,0,0
synth_neg_0107.npz,negative_synthetic_sunspot,synthetic,0,0
synth_neg_0108.npz,negative_synthetic_clear,synthetic,0,0
synth_neg_0109.npz,negative_synthetic_clear,synthetic,0,0
synth_neg_0110.npz,negative_synthetic_cloud,synthetic,0,0
synth_neg_0111.npz,negative_synthetic_sunspot,synthetic,0,0
synth_neg_0112.npz,negative_synthetic_clear,synthetic,0,0
synth_neg_0113.npz,negative_synthetic_clear,synthetic,0,0
synth_neg_0114.npz,negative_synthetic_cloud,synthetic,0,0
synth_neg_0115.npz,negative_synthetic_sunspot,synthetic,0,0
synth_neg_0116.npz,negative_synthetic_clear,synthetic,0,0
synth_neg_0117.npz,negative_synthetic_clear,synthetic,0,0
synth_neg_0118.npz,negative_synthetic_cloud,synthetic,0,0
synth_neg_0119.npz,negative_synthetic_sunspot,synthetic,0,0
synth_neg_0120.npz,negative_synthetic_clear,synthetic,0,0
synth_neg_0121.npz,negative_synthetic_clear,synthetic,0,0
synth_neg_0122.npz,negative_synthetic_cloud,synthetic,0,0
synth_neg_0123.npz,negative_synthetic_sunspot,synthetic,0,0
synth_neg_0124.npz,negative_synthetic_clear,synthetic,0,0
synth_neg_0125.npz,negative_synthetic_clear,synthetic,0,0
synth_neg_0126.npz,negative_synthetic_cloud,synthetic,0,0
synth_neg_0127.npz,negative_synthetic_sunspot,synthetic,0,0
synth_neg_0128.npz,negative_synthetic_clear,synthetic,0,0
synth_neg_0129.npz,negative_synthetic_clear,synthetic,0,0
synth_neg_0130.npz,negative_synthetic_cloud,synthetic,0,0
synth_neg_0131.npz,negative_synthetic_sunspot,synthetic,0,0
synth_neg_0132.npz,negative_synthetic_clear,synthetic,0,0
synth_neg_0133.npz,negative_synthetic_clear,synthetic,0,0
synth_neg_0134.npz,negative_synthetic_cloud,synthetic,0,0
synth_neg_0135.npz,negative_synthetic_sunspot,synthetic,0,0
synth_neg_0136.npz,negative_synthetic_clear,synthetic,0,0
synth_neg_0137.npz,negative_synthetic_clear,synthetic,0,0
synth_neg_0138.npz,negative_synthetic_cloud,synthetic,0,0
synth_neg_0139.npz,negative_synthetic_sunspot,synthetic,0,0
synth_neg_0140.npz,negative_synthetic_clear,synthetic,0,0
synth_neg_0141.npz,negative_synthetic_clear,synthetic,0,0
synth_neg_0142.npz,negative_synthetic_cloud,synthetic,0,0
synth_neg_0143.npz,negative_synthetic_sunspot,synthetic,0,0
synth_neg_0144.npz,negative_synthetic_clear,synthetic,0,0
synth_neg_0145.npz,negative_synthetic_clear,synthetic,0,0
synth_neg_0146.npz,negative_synthetic_cloud,synthetic,0,0
synth_neg_0147.npz,negative_synthetic_sunspot,synthetic,0,0
synth_neg_0148.npz,negative_synthetic_clear,synthetic,0,0
synth_neg_0149.npz,negative_synthetic_clear,synthetic,0,0
synth_neg_0150.npz,negative_synthetic_cloud,synthetic,0,0
synth_neg_0151.npz,negative_synthetic_sunspot,synthetic,0,0
synth_neg_0152.npz,negative_synthetic_clear,synthetic,0,0
synth_neg_0153.npz,negative_synthetic_clear,synthetic,0,0
synth_neg_0154.npz,negative_synthetic_cloud,synthetic,0,0
synth_neg_0155.npz,negative_synthetic_sunspot,synthetic,0,0
synth_neg_0156.npz,negative_synthetic_clear,synthetic,0,0
synth_neg_0157.npz,negative_synthetic_clear,synthetic,0,0
synth_neg_0158.npz,negative_synthetic_cloud,synthetic,0,0
synth_neg_0159.npz,negative_synthetic_sunspot,synthetic,0,0
synth_neg_0160.npz,negative_synthetic_clear,synthetic,0,0
synth_neg_0161.npz,negative_synthetic_clear,synthetic,0,0
synth_neg_0162.npz,negative_synthetic_cloud,synthetic,0,0
synth_neg_0163.npz,negative_synthetic_sunspot,synthetic,0,0
synth_neg_0164.npz,negative_synthetic_clear,synthetic,0,0
synth_neg_0165.npz,negative_synthetic_clear,synthetic,0,0
synth_neg_0166.npz,negative_synthetic_cloud,synthetic,0,0
synth_neg_0167.npz,negative_synthetic_sunspot,synthetic,0,0
synth_neg_0168.npz,negative_synthetic_clear,synthetic,0,0
synth_neg_0169.npz,negative_synthetic_clear,synthetic,0,0
synth_neg_0170.npz,negative_synthetic_cloud,synthetic,0,0
synth_neg_0171.npz,negative_synthetic_sunspot,synthetic,0,0
synth_neg_0172.npz,negative_synthetic_clear,synthetic,0,0
synth_neg_0173.npz,negative_synthetic_clear,synthetic,0,0
synth_neg_0174.npz,negative_synthetic_cloud,synthetic,0,0
synth_neg_0175.npz,negative_synthetic_sunspot,synthetic,0,0
synth_neg_0176.npz,negative_synthetic_clear,synthetic,0,0
synth_neg_0177.npz,negative_synthetic_clear,synthetic,0,0
synth_neg_0178.npz,negative_synthetic_cloud,synthetic,0,0
synth_neg_0179.npz,negative_synthetic_sunspot,synthetic,0,0
synth_neg_0180.npz,negative_synthetic_clear,synthetic,0,0
synth_neg_0181.npz,negative_synthetic_clear,synthetic,0,0
synth_neg_0182.npz,negative_synthetic_cloud,synthetic,0,0
synth_neg_0183.npz,negative_synthetic_sunspot,synthetic,0,0
synth_neg_0184.npz,negative_synthetic_clear,synthetic,0,0
synth_neg_0185.npz,negative_synthetic_clear,synthetic,0,0
synth_neg_0186.npz,negative_synthetic_cloud,synthetic,0,0
synth_neg_0187.npz,negative_synthetic_sunspot,synthetic,0,0
synth_neg_0188.npz,negative_synthetic_clear,synthetic,0,0
synth_neg_0189.npz,negative_synthetic_clear,synthetic,0,0
synth_neg_0190.npz,negative_synthetic_cloud,synthetic,0,0
synth_neg_0191.npz,negative_synthetic_sunspot,synthetic,0,0
synth_neg_0192.npz,negative_synthetic_clear,synthetic,0,0
synth_neg_0193.npz,negative_synthetic_clear,synthetic,0,0
synth_neg_0194.npz,negative_synthetic_cloud,synthetic,0,0
synth_neg_0195.npz,negative_synthetic_sunspot,synthetic,0,0
synth_neg_0196.npz,negative_synthetic_clear,synthetic,0,0
synth_neg_0197.npz,negative_synthetic_clear,synthetic,0,0
synth_neg_0198.npz,negative_synthetic_cloud,synthetic,0,0
synth_neg_0199.npz,negative_synthetic_sunspot,synthetic,0,0
synth_neg_0200.npz,negative_synthetic_clear,synthetic,0,0
synth_neg_0201.npz,negative_synthetic_clear,synthetic,0,0
synth_neg_0202.npz,negative_synthetic_cloud,synthetic,0,0
synth_neg_0203.npz,negative_synthetic_sunspot,synthetic,0,0
synth_neg_0204.npz,negative_synthetic_clear,synthetic,0,0
synth_neg_0205.npz,negative_synthetic_clear,synthetic,0,0
synth_neg_0206.npz,negative_synthetic_cloud,synthetic,0,0
synth_neg_0207.npz,negative_synthetic_sunspot,synthetic,0,0
synth_neg_0208.npz,negative_synthetic_clear,synthetic,0,0
synth_neg_0209.npz,negative_synthetic_clear,synthetic,0,0
synth_neg_0210.npz,negative_synthetic_cloud,synthetic,0,0
synth_neg_0211.npz,negative_synthetic_sunspot,synthetic,0,0
synth_neg_0212.npz,negative_synthetic_clear,synthetic,0,0
synth_neg_0213.npz,negative_synthetic_clear,synthetic,0,0
synth_neg_0214.npz,negative_synthetic_cloud,synthetic,0,0
synth_neg_0215.npz,negative_synthetic_sunspot,synthetic,0,0
synth_neg_0216.npz,negative_synthetic_clear,synthetic,0,0
synth_neg_0217.npz,negative_synthetic_clear,synthetic,0,0
synth_neg_0218.npz,negative_synthetic_cloud,synthetic,0,0
synth_neg_0219.npz,negative_synthetic_sunspot,synthetic,0,0
synth_neg_0220.npz,negative_synthetic_clear,synthetic,0,0
synth_neg_0221.npz,negative_synthetic_clear,synthetic,0,0
synth_neg_0222.npz,negative_synthetic_cloud,synthetic,0,0
synth_neg_0223.npz,negative_synthetic_sunspot,synthetic,0,0
synth_neg_0224.npz,negative_synthetic_clear,synthetic,0,0
synth_neg_0225.npz,negative_synthetic_clear,synthetic,0,0
synth_neg_0226.npz,negative_synthetic_cloud,synthetic,0,0
synth_neg_0227.npz,negative_synthetic_sunspot,synthetic,0,0
synth_neg_0228.npz,negative_synthetic_clear,synthetic,0,0
synth_neg_0229.npz,negative_synthetic_clear,synthetic,0,0
synth_neg_0230.npz,negative_synthetic_cloud,synthetic,0,0
synth_neg_0231.npz,negative_synthetic_sunspot,synthetic,0,0
synth_neg_0232.npz,negative_synthetic_clear,synthetic,0,0
synth_neg_0233.npz,negative_synthetic_clear,synthetic,0,0
synth_neg_0234.npz,negative_synthetic_cloud,synthetic,0,0
synth_neg_0235.npz,negative_synthetic_sunspot,synthetic,0,0
synth_neg_0236.npz,negative_synthetic_clear,synthetic,0,0
synth_neg_0237.npz,negative_synthetic_clear,synthetic,0,0
synth_neg_0238.npz,negative_synthetic_cloud,synthetic,0,0
synth_neg_0239.npz,negative_synthetic_sunspot,synthetic,0,0
synth_neg_0240.npz,negative_synthetic_clear,synthetic,0,0
synth_neg_0241.npz,negative_synthetic_clear,synthetic,0,0
synth_neg_0242.npz,negative_synthetic_cloud,synthetic,0,0
synth_neg_0243.npz,negative_synthetic_sunspot,synthetic,0,0
synth_neg_0244.npz,negative_synthetic_clear,synthetic,0,0
synth_neg_0245.npz,negative_synthetic_clear,synthetic,0,0
synth_neg_0246.npz,negative_synthetic_cloud,synthetic,0,0
synth_neg_0247.npz,negative_synthetic_sunspot,synthetic,0,0
synth_neg_0248.npz,negative_synthetic_clear,synthetic,0,0
synth_neg_0249.npz,negative_synthetic_clear,synthetic,0,0
synth_neg_0250.npz,negative_synthetic_cloud,synthetic,0,0
synth_neg_0251.npz,negative_synthetic_sunspot,synthetic,0,0
synth_neg_0252.npz,negative_synthetic_clear,synthetic,0,0
synth_neg_0253.npz,negative_synthetic_clear,synthetic,0,0
synth_neg_0254.npz,negative_synthetic_cloud,synthetic,0,0
synth_neg_0255.npz,negative_synthetic_sunspot,synthetic,0,0
synth_neg_0256.npz,negative_synthetic_clear,synthetic,0,0
synth_neg_0257.npz,negative_synthetic_clear,synthetic,0,0
synth_neg_0258.npz,negative_synthetic_cloud,synthetic,0,0
synth_neg_0259.npz,negative_synthetic_sunspot,synthetic,0,0
synth_neg_0260.npz,negative_synthetic_clear,synthetic,0,0
synth_neg_0261.npz,negative_synthetic_clear,synthetic,0,0
synth_neg_0262.npz,negative_synthetic_cloud,synthetic,0,0
synth_neg_0263.npz,negative_synthetic_sunspot,synthetic,0,0
synth_neg_0264.npz,negative_synthetic_clear,synthetic,0,0
synth_neg_0265.npz,negative_synthetic_clear,synthetic,0,0
synth_neg_0266.npz,negative_synthetic_cloud,synthetic,0,0
synth_neg_0267.npz,negative_synthetic_sunspot,synthetic,0,0
synth_neg_0268.npz,negative_synthetic_clear,synthetic,0,0
synth_neg_0269.npz,negative_synthetic_clear,synthetic,0,0
synth_neg_0270.npz,negative_synthetic_cloud,synthetic,0,0
synth_neg_0271.npz,negative_synthetic_sunspot,synthetic,0,0
synth_neg_0272.npz,negative_synthetic_clear,synthetic,0,0
synth_neg_0273.npz,negative_synthetic_clear,synthetic,0,0
synth_neg_0274.npz,negative_synthetic_cloud,synthetic,0,0
synth_neg_0275.npz,negative_synthetic_sunspot,synthetic,0,0
synth_neg_0276.npz,negative_synthetic_clear,synthetic,0,0
synth_neg_0277.npz,negative_synthetic_clear,synthetic,0,0
synth_neg_0278.npz,negative_synthetic_cloud,synthetic,0,0
synth_neg_0279.npz,negative_synthetic_sunspot,synthetic,0,0
synth_neg_0280.npz,negative_synthetic_clear,synthetic,0,0
synth_neg_0281.npz,negative_synthetic_clear,synthetic,0,0
synth_neg_0282.npz,negative_synthetic_cloud,synthetic,0,0
synth_neg_0283.npz,negative_synthetic_sunspot,synthetic,0,0
synth_neg_0284.npz,negative_synthetic_clear,synthetic,0,0
synth_neg_0285.npz,negative_synthetic_clear,synthetic,0,0
synth_neg_0286.npz,negative_synthetic_cloud,synthetic,0,0
synth_neg_0287.npz,negative_synthetic_sunspot,synthetic,0,0
synth_neg_0288.npz,negative_synthetic_clear,synthetic,0,0
synth_neg_0289.npz,negative_synthetic_clear,synthetic,0,0
synth_neg_0290.npz,negative_synthetic_cloud,synthetic,0,0
synth_neg_0291.npz,negative_synthetic_sunspot,synthetic,0,0
synth_neg_0292.npz,negative_synthetic_clear,synthetic,0,0
synth_neg_0293.npz,negative_synthetic_clear,synthetic,0,0
synth_neg_0294.npz,negative_synthetic_cloud,synthetic,0,0
synth_neg_0295.npz,negative_synthetic_sunspot,synthetic,0,0
synth_neg_0296.npz,negative_synthetic_clear,synthetic,0,0
synth_neg_0297.npz,negative_synthetic_clear,synthetic,0,0
synth_neg_0298.npz,negative_synthetic_cloud,synthetic,0,0
synth_neg_0299.npz,negative_synthetic_sunspot,synthetic,0,0
synth_neg_0300.npz,negative_synthetic_clear,synthetic,0,0
synth_neg_0301.npz,negative_synthetic_clear,synthetic,0,0
synth_neg_0302.npz,negative_synthetic_cloud,synthetic,0,0
synth_neg_0303.npz,negative_synthetic_sunspot,synthetic,0,0
synth_neg_0304.npz,negative_synthetic_clear,synthetic,0,0
synth_neg_0305.npz,negative_synthetic_clear,synthetic,0,0
synth_neg_0306.npz,negative_synthetic_cloud,synthetic,0,0
synth_neg_0307.npz,negative_synthetic_sunspot,synthetic,0,0
synth_neg_0308.npz,negative_synthetic_clear,synthetic,0,0
synth_neg_0309.npz,negative_synthetic_clear,synthetic,0,0
synth_neg_0310.npz,negative_synthetic_cloud,synthetic,0,0
synth_neg_0311.npz,negative_synthetic_sunspot,synthetic,0,0
synth_neg_0312.npz,negative_synthetic_clear,synthetic,0,0
synth_neg_0313.npz,negative_synthetic_clear,synthetic,0,0
synth_neg_0314.npz,negative_synthetic_cloud,synthetic,0,0
synth_neg_0315.npz,negative_synthetic_sunspot,synthetic,0,0
synth_neg_0316.npz,negative_synthetic_clear,synthetic,0,0
synth_neg_0317.npz,negative_synthetic_clear,synthetic,0,0
synth_neg_0318.npz,negative_synthetic_cloud,synthetic,0,0
synth_neg_0319.npz,negative_synthetic_sunspot,synthetic,0,0
synth_neg_0320.npz,negative_synthetic_clear,synthetic,0,0
synth_neg_0321.npz,negative_synthetic_clear,synthetic,0,0
synth_neg_0322.npz,negative_synthetic_cloud,synthetic,0,0
synth_neg_0323.npz,negative_synthetic_sunspot,synthetic,0,0
synth_neg_0324.npz,negative_synthetic_clear,synthetic,0,0
synth_neg_0325.npz,negative_synthetic_clear,synthetic,0,0
synth_neg_0326.npz,negative_synthetic_cloud,synthetic,0,0
synth_neg_0327.npz,negative_synthetic_sunspot,synthetic,0,0
synth_neg_0328.npz,negative_synthetic_clear,synthetic,0,0
synth_neg_0329.npz,negative_synthetic_clear,synthetic,0,0
synth_neg_0330.npz,negative_synthetic_cloud,synthetic,0,0
synth_neg_0331.npz,negative_synthetic_sunspot,synthetic,0,0
synth_neg_0332.npz,negative_synthetic_clear,synthetic,0,0
synth_neg_0333.npz,negative_synthetic_clear,synthetic,0,0
synth_neg_0334.npz,negative_synthetic_cloud,synthetic,0,0
synth_neg_0335.npz,negative_synthetic_sunspot,synthetic,0,0
synth_neg_0336.npz,negative_synthetic_clear,synthetic,0,0
synth_neg_0337.npz,negative_synthetic_clear,synthetic,0,0
synth_neg_0338.npz,negative_synthetic_cloud,synthetic,0,0
synth_neg_0339.npz,negative_synthetic_sunspot,synthetic,0,0
synth_neg_0340.npz,negative_synthetic_clear,synthetic,0,0
synth_neg_0341.npz,negative_synthetic_clear,synthetic,0,0
synth_neg_0342.npz,negative_synthetic_cloud,synthetic,0,0
synth_neg_0343.npz,negative_synthetic_sunspot,synthetic,0,0
synth_neg_0344.npz,negative_synthetic_clear,synthetic,0,0
synth_neg_0345.npz,negative_synthetic_clear,synthetic,0,0
synth_neg_0346.npz,negative_synthetic_cloud,synthetic,0,0
synth_neg_0347.npz,negative_synthetic_sunspot,synthetic,0,0
synth_neg_0348.npz,negative_synthetic_clear,synthetic,0,0
synth_neg_0349.npz,negative_synthetic_clear,synthetic,0,0
synth_neg_0350.npz,negative_synthetic_cloud,synthetic,0,0
synth_neg_0351.npz,negative_synthetic_sunspot,synthetic,0,0
synth_neg_0352.npz,negative_synthetic_clear,synthetic,0,0
synth_neg_0353.npz,negative_synthetic_clear,synthetic,0,0
synth_neg_0354.npz,negative_synthetic_cloud,synthetic,0,0
synth_neg_0355.npz,negative_synthetic_sunspot,synthetic,0,0
synth_neg_0356.npz,negative_synthetic_clear,synthetic,0,0
synth_neg_0357.npz,negative_synthetic_clear,synthetic,0,0
synth_neg_0358.npz,negative_synthetic_cloud,synthetic,0,0
synth_neg_0359.npz,negative_synthetic_sunspot,synthetic,0,0
synth_neg_0360.npz,negative_synthetic_clear,synthetic,0,0
synth_neg_0361.npz,negative_synthetic_clear,synthetic,0,0
synth_neg_0362.npz,negative_synthetic_cloud,synthetic,0,0
synth_neg_0363.npz,negative_synthetic_sunspot,synthetic,0,0
synth_neg_0364.npz,negative_synthetic_clear,synthetic,0,0
synth_neg_0365.npz,negative_synthetic_clear,synthetic,0,0
synth_neg_0366.npz,negative_synthetic_cloud,synthetic,0,0
synth_neg_0367.npz,negative_synthetic_sunspot,synthetic,0,0
synth_neg_0368.npz,negative_synthetic_clear,synthetic,0,0
synth_neg_0369.npz,negative_synthetic_clear,synthetic,0,0
synth_neg_0370.npz,negative_synthetic_cloud,synthetic,0,0
synth_neg_0371.npz,negative_synthetic_sunspot,synthetic,0,0
synth_neg_0372.npz,negative_synthetic_clear,synthetic,0,0
synth_neg_0373.npz,negative_synthetic_clear,synthetic,0,0
synth_neg_0374.npz,negative_synthetic_cloud,synthetic,0,0
synth_neg_0375.npz,negative_synthetic_sunspot,synthetic,0,0
synth_neg_0376.npz,negative_synthetic_clear,synthetic,0,0
synth_neg_0377.npz,negative_synthetic_clear,synthetic,0,0
synth_neg_0378.npz,negative_synthetic_cloud,synthetic,0,0
synth_neg_0379.npz,negative_synthetic_sunspot,synthetic,0,0
synth_neg_0380.npz,negative_synthetic_clear,synthetic,0,0
synth_neg_0381.npz,negative_synthetic_clear,synthetic,0,0
synth_neg_0382.npz,negative_synthetic_cloud,synthetic,0,0
synth_neg_0383.npz,negative_synthetic_sunspot,synthetic,0,0
synth_neg_0384.npz,negative_synthetic_clear,synthetic,0,0
synth_neg_0385.npz,negative_synthetic_clear,synthetic,0,0
synth_neg_0386.npz,negative_synthetic_cloud,synthetic,0,0
synth_neg_0387.npz,negative_synthetic_sunspot,synthetic,0,0
synth_neg_0388.npz,negative_synthetic_clear,synthetic,0,0
synth_neg_0389.npz,negative_synthetic_clear,synthetic,0,0
synth_neg_0390.npz,negative_synthetic_cloud,synthetic,0,0
synth_neg_0391.npz,negative_synthetic_sunspot,synthetic,0,0
synth_neg_0392.npz,negative_synthetic_clear,synthetic,0,0
synth_neg_0393.npz,negative_synthetic_clear,synthetic,0,0
synth_neg_0394.npz,negative_synthetic_cloud,synthetic,0,0
synth_neg_0395.npz,negative_synthetic_sunspot,synthetic,0,0
synth_neg_0396.npz,negative_synthetic_clear,synthetic,0,0
synth_neg_0397.npz,negative_synthetic_clear,synthetic,0,0
synth_neg_0398.npz,negative_synthetic_cloud,synthetic,0,0
synth_neg_0399.npz,negative_synthetic_sunspot,synthetic,0,0
synth_pos_0000.npz,positive_synthetic,synthetic,0,1
synth_pos_0001.npz,positive_synthetic,synthetic,0,1
synth_pos_0002.npz,positive_synthetic,synthetic,0,1
synth_pos_0003.npz,positive_synthetic,synthetic,0,1
synth_pos_0004.npz,positive_synthetic,synthetic,0,1
synth_pos_0005.npz,positive_synthetic,synthetic,0,1
synth_pos_0006.npz,positive_synthetic,synthetic,0,1
synth_pos_0007.npz,positive_synthetic,synthetic,0,1
synth_pos_0008.npz,positive_synthetic,synthetic,0,1
synth_pos_0009.npz,positive_synthetic,synthetic,0,1
synth_pos_0010.npz,positive_synthetic,synthetic,0,1
synth_pos_0011.npz,positive_synthetic,synthetic,0,1
synth_pos_0012.npz,positive_synthetic,synthetic,0,1
synth_pos_0013.npz,positive_synthetic,synthetic,0,1
synth_pos_0014.npz,positive_synthetic,synthetic,0,1
synth_pos_0015.npz,positive_synthetic,synthetic,0,1
synth_pos_0016.npz,positive_synthetic,synthetic,0,1
synth_pos_0017.npz,positive_synthetic,synthetic,0,1
synth_pos_0018.npz,positive_synthetic,synthetic,0,1
synth_pos_0019.npz,positive_synthetic,synthetic,0,1
synth_pos_0020.npz,positive_synthetic,synthetic,0,1
synth_pos_0021.npz,positive_synthetic,synthetic,0,1
synth_pos_0022.npz,positive_synthetic,synthetic,0,1
synth_pos_0023.npz,positive_synthetic,synthetic,0,1
synth_pos_0024.npz,positive_synthetic,synthetic,0,1
synth_pos_0025.npz,positive_synthetic,synthetic,0,1
synth_pos_0026.npz,positive_synthetic,synthetic,0,1
synth_pos_0027.npz,positive_synthetic,synthetic,0,1
synth_pos_0028.npz,positive_synthetic,synthetic,0,1
synth_pos_0029.npz,positive_synthetic,synthetic,0,1
synth_pos_0030.npz,positive_synthetic,synthetic,0,1
synth_pos_0031.npz,positive_synthetic,synthetic,0,1
synth_pos_0032.npz,positive_synthetic,synthetic,0,1
synth_pos_0033.npz,positive_synthetic,synthetic,0,1
synth_pos_0034.npz,positive_synthetic,synthetic,0,1
synth_pos_0035.npz,positive_synthetic,synthetic,0,1
synth_pos_0036.npz,positive_synthetic,synthetic,0,1
synth_pos_0037.npz,positive_synthetic,synthetic,0,1
synth_pos_0038.npz,positive_synthetic,synthetic,0,1
synth_pos_0039.npz,positive_synthetic,synthetic,0,1
synth_pos_0040.npz,positive_synthetic,synthetic,0,1
synth_pos_0041.npz,positive_synthetic,synthetic,0,1
synth_pos_0042.npz,positive_synthetic,synthetic,0,1
synth_pos_0043.npz,positive_synthetic,synthetic,0,1
synth_pos_0044.npz,positive_synthetic,synthetic,0,1
synth_pos_0045.npz,positive_synthetic,synthetic,0,1
synth_pos_0046.npz,positive_synthetic,synthetic,0,1
synth_pos_0047.npz,positive_synthetic,synthetic,0,1
synth_pos_0048.npz,positive_synthetic,synthetic,0,1
synth_pos_0049.npz,positive_synthetic,synthetic,0,1
synth_pos_0050.npz,positive_synthetic,synthetic,0,1
synth_pos_0051.npz,positive_synthetic,synthetic,0,1
synth_pos_0052.npz,positive_synthetic,synthetic,0,1
synth_pos_0053.npz,positive_synthetic,synthetic,0,1
synth_pos_0054.npz,positive_synthetic,synthetic,0,1
synth_pos_0055.npz,positive_synthetic,synthetic,0,1
synth_pos_0056.npz,positive_synthetic,synthetic,0,1
synth_pos_0057.npz,positive_synthetic,synthetic,0,1
synth_pos_0058.npz,positive_synthetic,synthetic,0,1
synth_pos_0059.npz,positive_synthetic,synthetic,0,1
synth_pos_0060.npz,positive_synthetic,synthetic,0,1
synth_pos_0061.npz,positive_synthetic,synthetic,0,1
synth_pos_0062.npz,positive_synthetic,synthetic,0,1
synth_pos_0063.npz,positive_synthetic,synthetic,0,1
synth_pos_0064.npz,positive_synthetic,synthetic,0,1
synth_pos_0065.npz,positive_synthetic,synthetic,0,1
synth_pos_0066.npz,positive_synthetic,synthetic,0,1
synth_pos_0067.npz,positive_synthetic,synthetic,0,1
synth_pos_0068.npz,positive_synthetic,synthetic,0,1
synth_pos_0069.npz,positive_synthetic,synthetic,0,1
synth_pos_0070.npz,positive_synthetic,synthetic,0,1
synth_pos_0071.npz,positive_synthetic,synthetic,0,1
synth_pos_0072.npz,positive_synthetic,synthetic,0,1
synth_pos_0073.npz,positive_synthetic,synthetic,0,1
synth_pos_0074.npz,positive_synthetic,synthetic,0,1
synth_pos_0075.npz,positive_synthetic,synthetic,0,1
synth_pos_0076.npz,positive_synthetic,synthetic,0,1
synth_pos_0077.npz,positive_synthetic,synthetic,0,1
synth_pos_0078.npz,positive_synthetic,synthetic,0,1
synth_pos_0079.npz,positive_synthetic,synthetic,0,1
synth_pos_0080.npz,positive_synthetic,synthetic,0,1
synth_pos_0081.npz,positive_synthetic,synthetic,0,1
synth_pos_0082.npz,positive_synthetic,synthetic,0,1
synth_pos_0083.npz,positive_synthetic,synthetic,0,1
synth_pos_0084.npz,positive_synthetic,synthetic,0,1
synth_pos_0085.npz,positive_synthetic,synthetic,0,1
synth_pos_0086.npz,positive_synthetic,synthetic,0,1
synth_pos_0087.npz,positive_synthetic,synthetic,0,1
synth_pos_0088.npz,positive_synthetic,synthetic,0,1
synth_pos_0089.npz,positive_synthetic,synthetic,0,1
synth_pos_0090.npz,positive_synthetic,synthetic,0,1
synth_pos_0091.npz,positive_synthetic,synthetic,0,1
synth_pos_0092.npz,positive_synthetic,synthetic,0,1
synth_pos_0093.npz,positive_synthetic,synthetic,0,1
synth_pos_0094.npz,positive_synthetic,synthetic,0,1
synth_pos_0095.npz,positive_synthetic,synthetic,0,1
synth_pos_0096.npz,positive_synthetic,synthetic,0,1
synth_pos_0097.npz,positive_synthetic,synthetic,0,1
synth_pos_0098.npz,positive_synthetic,synthetic,0,1
synth_pos_0099.npz,positive_synthetic,synthetic,0,1
synth_pos_0100.npz,positive_synthetic,synthetic,0,1
synth_pos_0101.npz,positive_synthetic,synthetic,0,1
synth_pos_0102.npz,positive_synthetic,synthetic,0,1
synth_pos_0103.npz,positive_synthetic,synthetic,0,1
synth_pos_0104.npz,positive_synthetic,synthetic,0,1
synth_pos_0105.npz,positive_synthetic,synthetic,0,1
synth_pos_0106.npz,positive_synthetic,synthetic,0,1
synth_pos_0107.npz,positive_synthetic,synthetic,0,1
synth_pos_0108.npz,positive_synthetic,synthetic,0,1
synth_pos_0109.npz,positive_synthetic,synthetic,0,1
synth_pos_0110.npz,positive_synthetic,synthetic,0,1
synth_pos_0111.npz,positive_synthetic,synthetic,0,1
synth_pos_0112.npz,positive_synthetic,synthetic,0,1
synth_pos_0113.npz,positive_synthetic,synthetic,0,1
synth_pos_0114.npz,positive_synthetic,synthetic,0,1
synth_pos_0115.npz,positive_synthetic,synthetic,0,1
synth_pos_0116.npz,positive_synthetic,synthetic,0,1
synth_pos_0117.npz,positive_synthetic,synthetic,0,1
synth_pos_0118.npz,positive_synthetic,synthetic,0,1
synth_pos_0119.npz,positive_synthetic,synthetic,0,1
synth_pos_0120.npz,positive_synthetic,synthetic,0,1
synth_pos_0121.npz,positive_synthetic,synthetic,0,1
synth_pos_0122.npz,positive_synthetic,synthetic,0,1
synth_pos_0123.npz,positive_synthetic,synthetic,0,1
synth_pos_0124.npz,positive_synthetic,synthetic,0,1
synth_pos_0125.npz,positive_synthetic,synthetic,0,1
synth_pos_0126.npz,positive_synthetic,synthetic,0,1
synth_pos_0127.npz,positive_synthetic,synthetic,0,1
synth_pos_0128.npz,positive_synthetic,synthetic,0,1
synth_pos_0129.npz,positive_synthetic,synthetic,0,1
synth_pos_0130.npz,positive_synthetic,synthetic,0,1
synth_pos_0131.npz,positive_synthetic,synthetic,0,1
synth_pos_0132.npz,positive_synthetic,synthetic,0,1
synth_pos_0133.npz,positive_synthetic,synthetic,0,1
synth_pos_0134.npz,positive_synthetic,synthetic,0,1
synth_pos_0135.npz,positive_synthetic,synthetic,0,1
synth_pos_0136.npz,positive_synthetic,synthetic,0,1
synth_pos_0137.npz,positive_synthetic,synthetic,0,1
synth_pos_0138.npz,positive_synthetic,synthetic,0,1
synth_pos_0139.npz,positive_synthetic,synthetic,0,1
synth_pos_0140.npz,positive_synthetic,synthetic,0,1
synth_pos_0141.npz,positive_synthetic,synthetic,0,1
synth_pos_0142.npz,positive_synthetic,synthetic,0,1
synth_pos_0143.npz,positive_synthetic,synthetic,0,1
synth_pos_0144.npz,positive_synthetic,synthetic,0,1
synth_pos_0145.npz,positive_synthetic,synthetic,0,1
synth_pos_0146.npz,positive_synthetic,synthetic,0,1
synth_pos_0147.npz,positive_synthetic,synthetic,0,1
synth_pos_0148.npz,positive_synthetic,synthetic,0,1
synth_pos_0149.npz,positive_synthetic,synthetic,0,1
synth_pos_0150.npz,positive_synthetic,synthetic,0,1
synth_pos_0151.npz,positive_synthetic,synthetic,0,1
synth_pos_0152.npz,positive_synthetic,synthetic,0,1
synth_pos_0153.npz,positive_synthetic,synthetic,0,1
synth_pos_0154.npz,positive_synthetic,synthetic,0,1
synth_pos_0155.npz,positive_synthetic,synthetic,0,1
synth_pos_0156.npz,positive_synthetic,synthetic,0,1
synth_pos_0157.npz,positive_synthetic,synthetic,0,1
synth_pos_0158.npz,positive_synthetic,synthetic,0,1
synth_pos_0159.npz,positive_synthetic,synthetic,0,1
synth_pos_0160.npz,positive_synthetic,synthetic,0,1
synth_pos_0161.npz,positive_synthetic,synthetic,0,1
synth_pos_0162.npz,positive_synthetic,synthetic,0,1
synth_pos_0163.npz,positive_synthetic,synthetic,0,1
synth_pos_0164.npz,positive_synthetic,synthetic,0,1
synth_pos_0165.npz,positive_synthetic,synthetic,0,1
synth_pos_0166.npz,positive_synthetic,synthetic,0,1
synth_pos_0167.npz,positive_synthetic,synthetic,0,1
synth_pos_0168.npz,positive_synthetic,synthetic,0,1
synth_pos_0169.npz,positive_synthetic,synthetic,0,1
synth_pos_0170.npz,positive_synthetic,synthetic,0,1
synth_pos_0171.npz,positive_synthetic,synthetic,0,1
synth_pos_0172.npz,positive_synthetic,synthetic,0,1
synth_pos_0173.npz,positive_synthetic,synthetic,0,1
synth_pos_0174.npz,positive_synthetic,synthetic,0,1
synth_pos_0175.npz,positive_synthetic,synthetic,0,1
synth_pos_0176.npz,positive_synthetic,synthetic,0,1
synth_pos_0177.npz,positive_synthetic,synthetic,0,1
synth_pos_0178.npz,positive_synthetic,synthetic,0,1
synth_pos_0179.npz,positive_synthetic,synthetic,0,1
synth_pos_0180.npz,positive_synthetic,synthetic,0,1
synth_pos_0181.npz,positive_synthetic,synthetic,0,1
synth_pos_0182.npz,positive_synthetic,synthetic,0,1
synth_pos_0183.npz,positive_synthetic,synthetic,0,1
synth_pos_0184.npz,positive_synthetic,synthetic,0,1
synth_pos_0185.npz,positive_synthetic,synthetic,0,1
synth_pos_0186.npz,positive_synthetic,synthetic,0,1
synth_pos_0187.npz,positive_synthetic,synthetic,0,1
synth_pos_0188.npz,positive_synthetic,synthetic,0,1
synth_pos_0189.npz,positive_synthetic,synthetic,0,1
synth_pos_0190.npz,positive_synthetic,synthetic,0,1
synth_pos_0191.npz,positive_synthetic,synthetic,0,1
synth_pos_0192.npz,positive_synthetic,synthetic,0,1
synth_pos_0193.npz,positive_synthetic,synthetic,0,1
synth_pos_0194.npz,positive_synthetic,synthetic,0,1
synth_pos_0195.npz,positive_synthetic,synthetic,0,1
synth_pos_0196.npz,positive_synthetic,synthetic,0,1
synth_pos_0197.npz,positive_synthetic,synthetic,0,1
synth_pos_0198.npz,positive_synthetic,synthetic,0,1
synth_pos_0199.npz,positive_synthetic,synthetic,0,1
synth_pos_0200.npz,positive_synthetic,synthetic,0,1
synth_pos_0201.npz,positive_synthetic,synthetic,0,1
synth_pos_0202.npz,positive_synthetic,synthetic,0,1
synth_pos_0203.npz,positive_synthetic,synthetic,0,1
synth_pos_0204.npz,positive_synthetic,synthetic,0,1
synth_pos_0205.npz,positive_synthetic,synthetic,0,1
synth_pos_0206.npz,positive_synthetic,synthetic,0,1
synth_pos_0207.npz,positive_synthetic,synthetic,0,1
synth_pos_0208.npz,positive_synthetic,synthetic,0,1
synth_pos_0209.npz,positive_synthetic,synthetic,0,1
synth_pos_0210.npz,positive_synthetic,synthetic,0,1
synth_pos_0211.npz,positive_synthetic,synthetic,0,1
synth_pos_0212.npz,positive_synthetic,synthetic,0,1
synth_pos_0213.npz,positive_synthetic,synthetic,0,1
synth_pos_0214.npz,positive_synthetic,synthetic,0,1
synth_pos_0215.npz,positive_synthetic,synthetic,0,1
synth_pos_0216.npz,positive_synthetic,synthetic,0,1
synth_pos_0217.npz,positive_synthetic,synthetic,0,1
synth_pos_0218.npz,positive_synthetic,synthetic,0,1
synth_pos_0219.npz,positive_synthetic,synthetic,0,1
synth_pos_0220.npz,positive_synthetic,synthetic,0,1
synth_pos_0221.npz,positive_synthetic,synthetic,0,1
synth_pos_0222.npz,positive_synthetic,synthetic,0,1
synth_pos_0223.npz,positive_synthetic,synthetic,0,1
synth_pos_0224.npz,positive_synthetic,synthetic,0,1
synth_pos_0225.npz,positive_synthetic,synthetic,0,1
synth_pos_0226.npz,positive_synthetic,synthetic,0,1
synth_pos_0227.npz,positive_synthetic,synthetic,0,1
synth_pos_0228.npz,positive_synthetic,synthetic,0,1
synth_pos_0229.npz,positive_synthetic,synthetic,0,1
synth_pos_0230.npz,positive_synthetic,synthetic,0,1
synth_pos_0231.npz,positive_synthetic,synthetic,0,1
synth_pos_0232.npz,positive_synthetic,synthetic,0,1
synth_pos_0233.npz,positive_synthetic,synthetic,0,1
synth_pos_0234.npz,positive_synthetic,synthetic,0,1
synth_pos_0235.npz,positive_synthetic,synthetic,0,1
synth_pos_0236.npz,positive_synthetic,synthetic,0,1
synth_pos_0237.npz,positive_synthetic,synthetic,0,1
synth_pos_0238.npz,positive_synthetic,synthetic,0,1
synth_pos_0239.npz,positive_synthetic,synthetic,0,1
synth_pos_0240.npz,positive_synthetic,synthetic,0,1
synth_pos_0241.npz,positive_synthetic,synthetic,0,1
synth_pos_0242.npz,positive_synthetic,synthetic,0,1
synth_pos_0243.npz,positive_synthetic,synthetic,0,1
synth_pos_0244.npz,positive_synthetic,synthetic,0,1
synth_pos_0245.npz,positive_synthetic,synthetic,0,1
synth_pos_0246.npz,positive_synthetic,synthetic,0,1
synth_pos_0247.npz,positive_synthetic,synthetic,0,1
synth_pos_0248.npz,positive_synthetic,synthetic,0,1
synth_pos_0249.npz,positive_synthetic,synthetic,0,1
synth_pos_0250.npz,positive_synthetic,synthetic,0,1
synth_pos_0251.npz,positive_synthetic,synthetic,0,1
synth_pos_0252.npz,positive_synthetic,synthetic,0,1
synth_pos_0253.npz,positive_synthetic,synthetic,0,1
synth_pos_0254.npz,positive_synthetic,synthetic,0,1
synth_pos_0255.npz,positive_synthetic,synthetic,0,1
synth_pos_0256.npz,positive_synthetic,synthetic,0,1
synth_pos_0257.npz,positive_synthetic,synthetic,0,1
synth_pos_0258.npz,positive_synthetic,synthetic,0,1
synth_pos_0259.npz,positive_synthetic,synthetic,0,1
synth_pos_0260.npz,positive_synthetic,synthetic,0,1
synth_pos_0261.npz,positive_synthetic,synthetic,0,1
synth_pos_0262.npz,positive_synthetic,synthetic,0,1
synth_pos_0263.npz,positive_synthetic,synthetic,0,1
synth_pos_0264.npz,positive_synthetic,synthetic,0,1
synth_pos_0265.npz,positive_synthetic,synthetic,0,1
synth_pos_0266.npz,positive_synthetic,synthetic,0,1
synth_pos_0267.npz,positive_synthetic,synthetic,0,1
synth_pos_0268.npz,positive_synthetic,synthetic,0,1
synth_pos_0269.npz,positive_synthetic,synthetic,0,1
synth_pos_0270.npz,positive_synthetic,synthetic,0,1
synth_pos_0271.npz,positive_synthetic,synthetic,0,1
synth_pos_0272.npz,positive_synthetic,synthetic,0,1
synth_pos_0273.npz,positive_synthetic,synthetic,0,1
synth_pos_0274.npz,positive_synthetic,synthetic,0,1
synth_pos_0275.npz,positive_synthetic,synthetic,0,1
synth_pos_0276.npz,positive_synthetic,synthetic,0,1
synth_pos_0277.npz,positive_synthetic,synthetic,0,1
synth_pos_0278.npz,positive_synthetic,synthetic,0,1
synth_pos_0279.npz,positive_synthetic,synthetic,0,1
synth_pos_0280.npz,positive_synthetic,synthetic,0,1
synth_pos_0281.npz,positive_synthetic,synthetic,0,1
synth_pos_0282.npz,positive_synthetic,synthetic,0,1
synth_pos_0283.npz,positive_synthetic,synthetic,0,1
synth_pos_0284.npz,positive_synthetic,synthetic,0,1
synth_pos_0285.npz,positive_synthetic,synthetic,0,1
synth_pos_0286.npz,positive_synthetic,synthetic,0,1
synth_pos_0287.npz,positive_synthetic,synthetic,0,1
synth_pos_0288.npz,positive_synthetic,synthetic,0,1
synth_pos_0289.npz,positive_synthetic,synthetic,0,1
synth_pos_0290.npz,positive_synthetic,synthetic,0,1
synth_pos_0291.npz,positive_synthetic,synthetic,0,1
synth_pos_0292.npz,positive_synthetic,synthetic,0,1
synth_pos_0293.npz,positive_synthetic,synthetic,0,1
synth_pos_0294.npz,positive_synthetic,synthetic,0,1
synth_pos_0295.npz,positive_synthetic,synthetic,0,1
synth_pos_0296.npz,positive_synthetic,synthetic,0,1
synth_pos_0297.npz,positive_synthetic,synthetic,0,1
synth_pos_0298.npz,positive_synthetic,synthetic,0,1
synth_pos_0299.npz,positive_synthetic,synthetic,0,1
synth_pos_0300.npz,positive_synthetic,synthetic,0,1
synth_pos_0301.npz,positive_synthetic,synthetic,0,1
synth_pos_0302.npz,positive_synthetic,synthetic,0,1
synth_pos_0303.npz,positive_synthetic,synthetic,0,1
synth_pos_0304.npz,positive_synthetic,synthetic,0,1
synth_pos_0305.npz,positive_synthetic,synthetic,0,1
synth_pos_0306.npz,positive_synthetic,synthetic,0,1
synth_pos_0307.npz,positive_synthetic,synthetic,0,1
synth_pos_0308.npz,positive_synthetic,synthetic,0,1
synth_pos_0309.npz,positive_synthetic,synthetic,0,1
synth_pos_0310.npz,positive_synthetic,synthetic,0,1
synth_pos_0311.npz,positive_synthetic,synthetic,0,1
synth_pos_0312.npz,positive_synthetic,synthetic,0,1
synth_pos_0313.npz,positive_synthetic,synthetic,0,1
synth_pos_0314.npz,positive_synthetic,synthetic,0,1
synth_pos_0315.npz,positive_synthetic,synthetic,0,1
synth_pos_0316.npz,positive_synthetic,synthetic,0,1
synth_pos_0317.npz,positive_synthetic,synthetic,0,1
synth_pos_0318.npz,positive_synthetic,synthetic,0,1
synth_pos_0319.npz,positive_synthetic,synthetic,0,1
synth_pos_0320.npz,positive_synthetic,synthetic,0,1
synth_pos_0321.npz,positive_synthetic,synthetic,0,1
synth_pos_0322.npz,positive_synthetic,synthetic,0,1
synth_pos_0323.npz,positive_synthetic,synthetic,0,1
synth_pos_0324.npz,positive_synthetic,synthetic,0,1
synth_pos_0325.npz,positive_synthetic,synthetic,0,1
synth_pos_0326.npz,positive_synthetic,synthetic,0,1
synth_pos_0327.npz,positive_synthetic,synthetic,0,1
synth_pos_0328.npz,positive_synthetic,synthetic,0,1
synth_pos_0329.npz,positive_synthetic,synthetic,0,1
synth_pos_0330.npz,positive_synthetic,synthetic,0,1
synth_pos_0331.npz,positive_synthetic,synthetic,0,1
synth_pos_0332.npz,positive_synthetic,synthetic,0,1
synth_pos_0333.npz,positive_synthetic,synthetic,0,1
synth_pos_0334.npz,positive_synthetic,synthetic,0,1
synth_pos_0335.npz,positive_synthetic,synthetic,0,1
synth_pos_0336.npz,positive_synthetic,synthetic,0,1
synth_pos_0337.npz,positive_synthetic,synthetic,0,1
synth_pos_0338.npz,positive_synthetic,synthetic,0,1
synth_pos_0339.npz,positive_synthetic,synthetic,0,1
synth_pos_0340.npz,positive_synthetic,synthetic,0,1
synth_pos_0341.npz,positive_synthetic,synthetic,0,1
synth_pos_0342.npz,positive_synthetic,synthetic,0,1
synth_pos_0343.npz,positive_synthetic,synthetic,0,1
synth_pos_0344.npz,positive_synthetic,synthetic,0,1
synth_pos_0345.npz,positive_synthetic,synthetic,0,1
synth_pos_0346.npz,positive_synthetic,synthetic,0,1
synth_pos_0347.npz,positive_synthetic,synthetic,0,1
synth_pos_0348.npz,positive_synthetic,synthetic,0,1
synth_pos_0349.npz,positive_synthetic,synthetic,0,1
synth_pos_0350.npz,positive_synthetic,synthetic,0,1
synth_pos_0351.npz,positive_synthetic,synthetic,0,1
synth_pos_0352.npz,positive_synthetic,synthetic,0,1
synth_pos_0353.npz,positive_synthetic,synthetic,0,1
synth_pos_0354.npz,positive_synthetic,synthetic,0,1
synth_pos_0355.npz,positive_synthetic,synthetic,0,1
synth_pos_0356.npz,positive_synthetic,synthetic,0,1
synth_pos_0357.npz,positive_synthetic,synthetic,0,1
synth_pos_0358.npz,positive_synthetic,synthetic,0,1
synth_pos_0359.npz,positive_synthetic,synthetic,0,1
synth_pos_0360.npz,positive_synthetic,synthetic,0,1
synth_pos_0361.npz,positive_synthetic,synthetic,0,1
synth_pos_0362.npz,positive_synthetic,synthetic,0,1
synth_pos_0363.npz,positive_synthetic,synthetic,0,1
synth_pos_0364.npz,positive_synthetic,synthetic,0,1
synth_pos_0365.npz,positive_synthetic,synthetic,0,1
synth_pos_0366.npz,positive_synthetic,synthetic,0,1
synth_pos_0367.npz,positive_synthetic,synthetic,0,1
synth_pos_0368.npz,positive_synthetic,synthetic,0,1
synth_pos_0369.npz,positive_synthetic,synthetic,0,1
synth_pos_0370.npz,positive_synthetic,synthetic,0,1
synth_pos_0371.npz,positive_synthetic,synthetic,0,1
synth_pos_0372.npz,positive_synthetic,synthetic,0,1
synth_pos_0373.npz,positive_synthetic,synthetic,0,1
synth_pos_0374.npz,positive_synthetic,synthetic,0,1
synth_pos_0375.npz,positive_synthetic,synthetic,0,1
synth_pos_0376.npz,positive_synthetic,synthetic,0,1
synth_pos_0377.npz,positive_synthetic,synthetic,0,1
synth_pos_0378.npz,positive_synthetic,synthetic,0,1
synth_pos_0379.npz,positive_synthetic,synthetic,0,1
synth_pos_0380.npz,positive_synthetic,synthetic,0,1
synth_pos_0381.npz,positive_synthetic,synthetic,0,1
synth_pos_0382.npz,positive_synthetic,synthetic,0,1
synth_pos_0383.npz,positive_synthetic,synthetic,0,1
synth_pos_0384.npz,positive_synthetic,synthetic,0,1
synth_pos_0385.npz,positive_synthetic,synthetic,0,1
synth_pos_0386.npz,positive_synthetic,synthetic,0,1
synth_pos_0387.npz,positive_synthetic,synthetic,0,1
synth_pos_0388.npz,positive_synthetic,synthetic,0,1
synth_pos_0389.npz,positive_synthetic,synthetic,0,1
synth_pos_0390.npz,positive_synthetic,synthetic,0,1
synth_pos_0391.npz,positive_synthetic,synthetic,0,1
synth_pos_0392.npz,positive_synthetic,synthetic,0,1
synth_pos_0393.npz,positive_synthetic,synthetic,0,1
synth_pos_0394.npz,positive_synthetic,synthetic,0,1
synth_pos_0395.npz,positive_synthetic,synthetic,0,1
synth_pos_0396.npz,positive_synthetic,synthetic,0,1
synth_pos_0397.npz,positive_synthetic,synthetic,0,1
synth_pos_0398.npz,positive_synthetic,synthetic,0,1
synth_pos_0399.npz,positive_synthetic,synthetic,0,1
synth_neg_0000.npz,negative_synthetic_clear,synthetic,0,0
synth_neg_0001.npz,negative_synthetic_clear,synthetic,0,0
synth_neg_0002.npz,negative_synthetic_cloud,synthetic,0,0
synth_neg_0003.npz,negative_synthetic_sunspot,synthetic,0,0
synth_neg_0004.npz,negative_synthetic_clear,synthetic,0,0
synth_neg_0005.npz,negative_synthetic_clear,synthetic,0,0
synth_neg_0006.npz,negative_synthetic_cloud,synthetic,0,0
synth_neg_0007.npz,negative_synthetic_sunspot,synthetic,0,0
synth_neg_0008.npz,negative_synthetic_clear,synthetic,0,0
synth_neg_0009.npz,negative_synthetic_clear,synthetic,0,0
synth_neg_0010.npz,negative_synthetic_cloud,synthetic,0,0
synth_neg_0011.npz,negative_synthetic_sunspot,synthetic,0,0
synth_neg_0012.npz,negative_synthetic_clear,synthetic,0,0
synth_neg_0013.npz,negative_synthetic_clear,synthetic,0,0
synth_neg_0014.npz,negative_synthetic_cloud,synthetic,0,0
synth_neg_0015.npz,negative_synthetic_sunspot,synthetic,0,0
synth_neg_0016.npz,negative_synthetic_clear,synthetic,0,0
synth_neg_0017.npz,negative_synthetic_clear,synthetic,0,0
synth_neg_0018.npz,negative_synthetic_cloud,synthetic,0,0
synth_neg_0019.npz,negative_synthetic_sunspot,synthetic,0,0
synth_neg_0020.npz,negative_synthetic_clear,synthetic,0,0
synth_neg_0021.npz,negative_synthetic_clear,synthetic,0,0
synth_neg_0022.npz,negative_synthetic_cloud,synthetic,0,0
synth_neg_0023.npz,negative_synthetic_sunspot,synthetic,0,0
synth_neg_0024.npz,negative_synthetic_clear,synthetic,0,0
synth_neg_0025.npz,negative_synthetic_clear,synthetic,0,0
synth_neg_0026.npz,negative_synthetic_cloud,synthetic,0,0
synth_neg_0027.npz,negative_synthetic_sunspot,synthetic,0,0
synth_neg_0028.npz,negative_synthetic_clear,synthetic,0,0
synth_neg_0029.npz,negative_synthetic_clear,synthetic,0,0
synth_neg_0030.npz,negative_synthetic_cloud,synthetic,0,0
synth_neg_0031.npz,negative_synthetic_sunspot,synthetic,0,0
synth_neg_0032.npz,negative_synthetic_clear,synthetic,0,0
synth_neg_0033.npz,negative_synthetic_clear,synthetic,0,0
synth_neg_0034.npz,negative_synthetic_cloud,synthetic,0,0
synth_neg_0035.npz,negative_synthetic_sunspot,synthetic,0,0
synth_neg_0036.npz,negative_synthetic_clear,synthetic,0,0
synth_neg_0037.npz,negative_synthetic_clear,synthetic,0,0
synth_neg_0038.npz,negative_synthetic_cloud,synthetic,0,0
synth_neg_0039.npz,negative_synthetic_sunspot,synthetic,0,0
synth_neg_0040.npz,negative_synthetic_clear,synthetic,0,0
synth_neg_0041.npz,negative_synthetic_clear,synthetic,0,0
synth_neg_0042.npz,negative_synthetic_cloud,synthetic,0,0
synth_neg_0043.npz,negative_synthetic_sunspot,synthetic,0,0
synth_neg_0044.npz,negative_synthetic_clear,synthetic,0,0
synth_neg_0045.npz,negative_synthetic_clear,synthetic,0,0
synth_neg_0046.npz,negative_synthetic_cloud,synthetic,0,0
synth_neg_0047.npz,negative_synthetic_sunspot,synthetic,0,0
synth_neg_0048.npz,negative_synthetic_clear,synthetic,0,0
synth_neg_0049.npz,negative_synthetic_clear,synthetic,0,0
synth_neg_0050.npz,negative_synthetic_cloud,synthetic,0,0
synth_neg_0051.npz,negative_synthetic_sunspot,synthetic,0,0
synth_neg_0052.npz,negative_synthetic_clear,synthetic,0,0
synth_neg_0053.npz,negative_synthetic_clear,synthetic,0,0
synth_neg_0054.npz,negative_synthetic_cloud,synthetic,0,0
synth_neg_0055.npz,negative_synthetic_sunspot,synthetic,0,0
synth_neg_0056.npz,negative_synthetic_clear,synthetic,0,0
synth_neg_0057.npz,negative_synthetic_clear,synthetic,0,0
synth_neg_0058.npz,negative_synthetic_cloud,synthetic,0,0
synth_neg_0059.npz,negative_synthetic_sunspot,synthetic,0,0
synth_neg_0060.npz,negative_synthetic_clear,synthetic,0,0
synth_neg_0061.npz,negative_synthetic_clear,synthetic,0,0
synth_neg_0062.npz,negative_synthetic_cloud,synthetic,0,0
synth_neg_0063.npz,negative_synthetic_sunspot,synthetic,0,0
synth_neg_0064.npz,negative_synthetic_clear,synthetic,0,0
synth_neg_0065.npz,negative_synthetic_clear,synthetic,0,0
synth_neg_0066.npz,negative_synthetic_cloud,synthetic,0,0
synth_neg_0067.npz,negative_synthetic_sunspot,synthetic,0,0
synth_neg_0068.npz,negative_synthetic_clear,synthetic,0,0
synth_neg_0069.npz,negative_synthetic_clear,synthetic,0,0
synth_neg_0070.npz,negative_synthetic_cloud,synthetic,0,0
synth_neg_0071.npz,negative_synthetic_sunspot,synthetic,0,0
synth_neg_0072.npz,negative_synthetic_clear,synthetic,0,0
synth_neg_0073.npz,negative_synthetic_clear,synthetic,0,0
synth_neg_0074.npz,negative_synthetic_cloud,synthetic,0,0
synth_neg_0075.npz,negative_synthetic_sunspot,synthetic,0,0
synth_neg_0076.npz,negative_synthetic_clear,synthetic,0,0
synth_neg_0077.npz,negative_synthetic_clear,synthetic,0,0
synth_neg_0078.npz,negative_synthetic_cloud,synthetic,0,0
synth_neg_0079.npz,negative_synthetic_sunspot,synthetic,0,0
synth_neg_0080.npz,negative_synthetic_clear,synthetic,0,0
synth_neg_0081.npz,negative_synthetic_clear,synthetic,0,0
synth_neg_0082.npz,negative_synthetic_cloud,synthetic,0,0
synth_neg_0083.npz,negative_synthetic_sunspot,synthetic,0,0
synth_neg_0084.npz,negative_synthetic_clear,synthetic,0,0
synth_neg_0085.npz,negative_synthetic_clear,synthetic,0,0
synth_neg_0086.npz,negative_synthetic_cloud,synthetic,0,0
synth_neg_0087.npz,negative_synthetic_sunspot,synthetic,0,0
synth_neg_0088.npz,negative_synthetic_clear,synthetic,0,0
synth_neg_0089.npz,negative_synthetic_clear,synthetic,0,0
synth_neg_0090.npz,negative_synthetic_cloud,synthetic,0,0
synth_neg_0091.npz,negative_synthetic_sunspot,synthetic,0,0
synth_neg_0092.npz,negative_synthetic_clear,synthetic,0,0
synth_neg_0093.npz,negative_synthetic_clear,synthetic,0,0
synth_neg_0094.npz,negative_synthetic_cloud,synthetic,0,0
synth_neg_0095.npz,negative_synthetic_sunspot,synthetic,0,0
synth_neg_0096.npz,negative_synthetic_clear,synthetic,0,0
synth_neg_0097.npz,negative_synthetic_clear,synthetic,0,0
synth_neg_0098.npz,negative_synthetic_cloud,synthetic,0,0
synth_neg_0099.npz,negative_synthetic_sunspot,synthetic,0,0
synth_neg_0100.npz,negative_synthetic_clear,synthetic,0,0
synth_neg_0101.npz,negative_synthetic_clear,synthetic,0,0
synth_neg_0102.npz,negative_synthetic_cloud,synthetic,0,0
synth_neg_0103.npz,negative_synthetic_sunspot,synthetic,0,0
synth_neg_0104.npz,negative_synthetic_clear,synthetic,0,0
synth_neg_0105.npz,negative_synthetic_clear,synthetic,0,0
synth_neg_0106.npz,negative_synthetic_cloud,synthetic,0,0
synth_neg_0107.npz,negative_synthetic_sunspot,synthetic,0,0
synth_neg_0108.npz,negative_synthetic_clear,synthetic,0,0
synth_neg_0109.npz,negative_synthetic_clear,synthetic,0,0
synth_neg_0110.npz,negative_synthetic_cloud,synthetic,0,0
synth_neg_0111.npz,negative_synthetic_sunspot,synthetic,0,0
synth_neg_0112.npz,negative_synthetic_clear,synthetic,0,0
synth_neg_0113.npz,negative_synthetic_clear,synthetic,0,0
synth_neg_0114.npz,negative_synthetic_cloud,synthetic,0,0
synth_neg_0115.npz,negative_synthetic_sunspot,synthetic,0,0
synth_neg_0116.npz,negative_synthetic_clear,synthetic,0,0
synth_neg_0117.npz,negative_synthetic_clear,synthetic,0,0
synth_neg_0118.npz,negative_synthetic_cloud,synthetic,0,0
synth_neg_0119.npz,negative_synthetic_sunspot,synthetic,0,0
synth_neg_0120.npz,negative_synthetic_clear,synthetic,0,0
synth_neg_0121.npz,negative_synthetic_clear,synthetic,0,0
synth_neg_0122.npz,negative_synthetic_cloud,synthetic,0,0
synth_neg_0123.npz,negative_synthetic_sunspot,synthetic,0,0
synth_neg_0124.npz,negative_synthetic_clear,synthetic,0,0
synth_neg_0125.npz,negative_synthetic_clear,synthetic,0,0
synth_neg_0126.npz,negative_synthetic_cloud,synthetic,0,0
synth_neg_0127.npz,negative_synthetic_sunspot,synthetic,0,0
synth_neg_0128.npz,negative_synthetic_clear,synthetic,0,0
synth_neg_0129.npz,negative_synthetic_clear,synthetic,0,0
synth_neg_0130.npz,negative_synthetic_cloud,synthetic,0,0
synth_neg_0131.npz,negative_synthetic_sunspot,synthetic,0,0
synth_neg_0132.npz,negative_synthetic_clear,synthetic,0,0
synth_neg_0133.npz,negative_synthetic_clear,synthetic,0,0
synth_neg_0134.npz,negative_synthetic_cloud,synthetic,0,0
synth_neg_0135.npz,negative_synthetic_sunspot,synthetic,0,0
synth_neg_0136.npz,negative_synthetic_clear,synthetic,0,0
synth_neg_0137.npz,negative_synthetic_clear,synthetic,0,0
synth_neg_0138.npz,negative_synthetic_cloud,synthetic,0,0
synth_neg_0139.npz,negative_synthetic_sunspot,synthetic,0,0
synth_neg_0140.npz,negative_synthetic_clear,synthetic,0,0
synth_neg_0141.npz,negative_synthetic_clear,synthetic,0,0
synth_neg_0142.npz,negative_synthetic_cloud,synthetic,0,0
synth_neg_0143.npz,negative_synthetic_sunspot,synthetic,0,0
synth_neg_0144.npz,negative_synthetic_clear,synthetic,0,0
synth_neg_0145.npz,negative_synthetic_clear,synthetic,0,0
synth_neg_0146.npz,negative_synthetic_cloud,synthetic,0,0
synth_neg_0147.npz,negative_synthetic_sunspot,synthetic,0,0
synth_neg_0148.npz,negative_synthetic_clear,synthetic,0,0
synth_neg_0149.npz,negative_synthetic_clear,synthetic,0,0
synth_neg_0150.npz,negative_synthetic_cloud,synthetic,0,0
synth_neg_0151.npz,negative_synthetic_sunspot,synthetic,0,0
synth_neg_0152.npz,negative_synthetic_clear,synthetic,0,0
synth_neg_0153.npz,negative_synthetic_clear,synthetic,0,0
synth_neg_0154.npz,negative_synthetic_cloud,synthetic,0,0
synth_neg_0155.npz,negative_synthetic_sunspot,synthetic,0,0
synth_neg_0156.npz,negative_synthetic_clear,synthetic,0,0
synth_neg_0157.npz,negative_synthetic_clear,synthetic,0,0
synth_neg_0158.npz,negative_synthetic_cloud,synthetic,0,0
synth_neg_0159.npz,negative_synthetic_sunspot,synthetic,0,0
synth_neg_0160.npz,negative_synthetic_clear,synthetic,0,0
synth_neg_0161.npz,negative_synthetic_clear,synthetic,0,0
synth_neg_0162.npz,negative_synthetic_cloud,synthetic,0,0
synth_neg_0163.npz,negative_synthetic_sunspot,synthetic,0,0
synth_neg_0164.npz,negative_synthetic_clear,synthetic,0,0
synth_neg_0165.npz,negative_synthetic_clear,synthetic,0,0
synth_neg_0166.npz,negative_synthetic_cloud,synthetic,0,0
synth_neg_0167.npz,negative_synthetic_sunspot,synthetic,0,0
synth_neg_0168.npz,negative_synthetic_clear,synthetic,0,0
synth_neg_0169.npz,negative_synthetic_clear,synthetic,0,0
synth_neg_0170.npz,negative_synthetic_cloud,synthetic,0,0
synth_neg_0171.npz,negative_synthetic_sunspot,synthetic,0,0
synth_neg_0172.npz,negative_synthetic_clear,synthetic,0,0
synth_neg_0173.npz,negative_synthetic_clear,synthetic,0,0
synth_neg_0174.npz,negative_synthetic_cloud,synthetic,0,0
synth_neg_0175.npz,negative_synthetic_sunspot,synthetic,0,0
synth_neg_0176.npz,negative_synthetic_clear,synthetic,0,0
synth_neg_0177.npz,negative_synthetic_clear,synthetic,0,0
synth_neg_0178.npz,negative_synthetic_cloud,synthetic,0,0
synth_neg_0179.npz,negative_synthetic_sunspot,synthetic,0,0
synth_neg_0180.npz,negative_synthetic_clear,synthetic,0,0
synth_neg_0181.npz,negative_synthetic_clear,synthetic,0,0
synth_neg_0182.npz,negative_synthetic_cloud,synthetic,0,0
synth_neg_0183.npz,negative_synthetic_sunspot,synthetic,0,0
synth_neg_0184.npz,negative_synthetic_clear,synthetic,0,0
synth_neg_0185.npz,negative_synthetic_clear,synthetic,0,0
synth_neg_0186.npz,negative_synthetic_cloud,synthetic,0,0
synth_neg_0187.npz,negative_synthetic_sunspot,synthetic,0,0
synth_neg_0188.npz,negative_synthetic_clear,synthetic,0,0
synth_neg_0189.npz,negative_synthetic_clear,synthetic,0,0
synth_neg_0190.npz,negative_synthetic_cloud,synthetic,0,0
synth_neg_0191.npz,negative_synthetic_sunspot,synthetic,0,0
synth_neg_0192.npz,negative_synthetic_clear,synthetic,0,0
synth_neg_0193.npz,negative_synthetic_clear,synthetic,0,0
synth_neg_0194.npz,negative_synthetic_cloud,synthetic,0,0
synth_neg_0195.npz,negative_synthetic_sunspot,synthetic,0,0
synth_neg_0196.npz,negative_synthetic_clear,synthetic,0,0
synth_neg_0197.npz,negative_synthetic_clear,synthetic,0,0
synth_neg_0198.npz,negative_synthetic_cloud,synthetic,0,0
synth_neg_0199.npz,negative_synthetic_sunspot,synthetic,0,0
synth_neg_0200.npz,negative_synthetic_clear,synthetic,0,0
synth_neg_0201.npz,negative_synthetic_clear,synthetic,0,0
synth_neg_0202.npz,negative_synthetic_cloud,synthetic,0,0
synth_neg_0203.npz,negative_synthetic_sunspot,synthetic,0,0
synth_neg_0204.npz,negative_synthetic_clear,synthetic,0,0
synth_neg_0205.npz,negative_synthetic_clear,synthetic,0,0
synth_neg_0206.npz,negative_synthetic_cloud,synthetic,0,0
synth_neg_0207.npz,negative_synthetic_sunspot,synthetic,0,0
synth_neg_0208.npz,negative_synthetic_clear,synthetic,0,0
synth_neg_0209.npz,negative_synthetic_clear,synthetic,0,0
synth_neg_0210.npz,negative_synthetic_cloud,synthetic,0,0
synth_neg_0211.npz,negative_synthetic_sunspot,synthetic,0,0
synth_neg_0212.npz,negative_synthetic_clear,synthetic,0,0
synth_neg_0213.npz,negative_synthetic_clear,synthetic,0,0
synth_neg_0214.npz,negative_synthetic_cloud,synthetic,0,0
synth_neg_0215.npz,negative_synthetic_sunspot,synthetic,0,0
synth_neg_0216.npz,negative_synthetic_clear,synthetic,0,0
synth_neg_0217.npz,negative_synthetic_clear,synthetic,0,0
synth_neg_0218.npz,negative_synthetic_cloud,synthetic,0,0
synth_neg_0219.npz,negative_synthetic_sunspot,synthetic,0,0
synth_neg_0220.npz,negative_synthetic_clear,synthetic,0,0
synth_neg_0221.npz,negative_synthetic_clear,synthetic,0,0
synth_neg_0222.npz,negative_synthetic_cloud,synthetic,0,0
synth_neg_0223.npz,negative_synthetic_sunspot,synthetic,0,0
synth_neg_0224.npz,negative_synthetic_clear,synthetic,0,0
synth_neg_0225.npz,negative_synthetic_clear,synthetic,0,0
synth_neg_0226.npz,negative_synthetic_cloud,synthetic,0,0
synth_neg_0227.npz,negative_synthetic_sunspot,synthetic,0,0
synth_neg_0228.npz,negative_synthetic_clear,synthetic,0,0
synth_neg_0229.npz,negative_synthetic_clear,synthetic,0,0
synth_neg_0230.npz,negative_synthetic_cloud,synthetic,0,0
synth_neg_0231.npz,negative_synthetic_sunspot,synthetic,0,0
synth_neg_0232.npz,negative_synthetic_clear,synthetic,0,0
synth_neg_0233.npz,negative_synthetic_clear,synthetic,0,0
synth_neg_0234.npz,negative_synthetic_cloud,synthetic,0,0
synth_neg_0235.npz,negative_synthetic_sunspot,synthetic,0,0
synth_neg_0236.npz,negative_synthetic_clear,synthetic,0,0
synth_neg_0237.npz,negative_synthetic_clear,synthetic,0,0
synth_neg_0238.npz,negative_synthetic_cloud,synthetic,0,0
synth_neg_0239.npz,negative_synthetic_sunspot,synthetic,0,0
synth_neg_0240.npz,negative_synthetic_clear,synthetic,0,0
synth_neg_0241.npz,negative_synthetic_clear,synthetic,0,0
synth_neg_0242.npz,negative_synthetic_cloud,synthetic,0,0
synth_neg_0243.npz,negative_synthetic_sunspot,synthetic,0,0
synth_neg_0244.npz,negative_synthetic_clear,synthetic,0,0
synth_neg_0245.npz,negative_synthetic_clear,synthetic,0,0
synth_neg_0246.npz,negative_synthetic_cloud,synthetic,0,0
synth_neg_0247.npz,negative_synthetic_sunspot,synthetic,0,0
synth_neg_0248.npz,negative_synthetic_clear,synthetic,0,0
synth_neg_0249.npz,negative_synthetic_clear,synthetic,0,0
synth_neg_0250.npz,negative_synthetic_cloud,synthetic,0,0
synth_neg_0251.npz,negative_synthetic_sunspot,synthetic,0,0
synth_neg_0252.npz,negative_synthetic_clear,synthetic,0,0
synth_neg_0253.npz,negative_synthetic_clear,synthetic,0,0
synth_neg_0254.npz,negative_synthetic_cloud,synthetic,0,0
synth_neg_0255.npz,negative_synthetic_sunspot,synthetic,0,0
synth_neg_0256.npz,negative_synthetic_clear,synthetic,0,0
synth_neg_0257.npz,negative_synthetic_clear,synthetic,0,0
synth_neg_0258.npz,negative_synthetic_cloud,synthetic,0,0
synth_neg_0259.npz,negative_synthetic_sunspot,synthetic,0,0
synth_neg_0260.npz,negative_synthetic_clear,synthetic,0,0
synth_neg_0261.npz,negative_synthetic_clear,synthetic,0,0
synth_neg_0262.npz,negative_synthetic_cloud,synthetic,0,0
synth_neg_0263.npz,negative_synthetic_sunspot,synthetic,0,0
synth_neg_0264.npz,negative_synthetic_clear,synthetic,0,0
synth_neg_0265.npz,negative_synthetic_clear,synthetic,0,0
synth_neg_0266.npz,negative_synthetic_cloud,synthetic,0,0
synth_neg_0267.npz,negative_synthetic_sunspot,synthetic,0,0
synth_neg_0268.npz,negative_synthetic_clear,synthetic,0,0
synth_neg_0269.npz,negative_synthetic_clear,synthetic,0,0
synth_neg_0270.npz,negative_synthetic_cloud,synthetic,0,0
synth_neg_0271.npz,negative_synthetic_sunspot,synthetic,0,0
synth_neg_0272.npz,negative_synthetic_clear,synthetic,0,0
synth_neg_0273.npz,negative_synthetic_clear,synthetic,0,0
synth_neg_0274.npz,negative_synthetic_cloud,synthetic,0,0
synth_neg_0275.npz,negative_synthetic_sunspot,synthetic,0,0
synth_neg_0276.npz,negative_synthetic_clear,synthetic,0,0
synth_neg_0277.npz,negative_synthetic_clear,synthetic,0,0
synth_neg_0278.npz,negative_synthetic_cloud,synthetic,0,0
synth_neg_0279.npz,negative_synthetic_sunspot,synthetic,0,0
synth_neg_0280.npz,negative_synthetic_clear,synthetic,0,0
synth_neg_0281.npz,negative_synthetic_clear,synthetic,0,0
synth_neg_0282.npz,negative_synthetic_cloud,synthetic,0,0
synth_neg_0283.npz,negative_synthetic_sunspot,synthetic,0,0
synth_neg_0284.npz,negative_synthetic_clear,synthetic,0,0
synth_neg_0285.npz,negative_synthetic_clear,synthetic,0,0
synth_neg_0286.npz,negative_synthetic_cloud,synthetic,0,0
synth_neg_0287.npz,negative_synthetic_sunspot,synthetic,0,0
synth_neg_0288.npz,negative_synthetic_clear,synthetic,0,0
synth_neg_0289.npz,negative_synthetic_clear,synthetic,0,0
synth_neg_0290.npz,negative_synthetic_cloud,synthetic,0,0
synth_neg_0291.npz,negative_synthetic_sunspot,synthetic,0,0
synth_neg_0292.npz,negative_synthetic_clear,synthetic,0,0
synth_neg_0293.npz,negative_synthetic_clear,synthetic,0,0
synth_neg_0294.npz,negative_synthetic_cloud,synthetic,0,0
synth_neg_0295.npz,negative_synthetic_sunspot,synthetic,0,0
synth_neg_0296.npz,negative_synthetic_clear,synthetic,0,0
synth_neg_0297.npz,negative_synthetic_clear,synthetic,0,0
synth_neg_0298.npz,negative_synthetic_cloud,synthetic,0,0
synth_neg_0299.npz,negative_synthetic_sunspot,synthetic,0,0
synth_neg_0300.npz,negative_synthetic_clear,synthetic,0,0
synth_neg_0301.npz,negative_synthetic_clear,synthetic,0,0
synth_neg_0302.npz,negative_synthetic_cloud,synthetic,0,0
synth_neg_0303.npz,negative_synthetic_sunspot,synthetic,0,0
synth_neg_0304.npz,negative_synthetic_clear,synthetic,0,0
synth_neg_0305.npz,negative_synthetic_clear,synthetic,0,0
synth_neg_0306.npz,negative_synthetic_cloud,synthetic,0,0
synth_neg_0307.npz,negative_synthetic_sunspot,synthetic,0,0
synth_neg_0308.npz,negative_synthetic_clear,synthetic,0,0
synth_neg_0309.npz,negative_synthetic_clear,synthetic,0,0
synth_neg_0310.npz,negative_synthetic_cloud,synthetic,0,0
synth_neg_0311.npz,negative_synthetic_sunspot,synthetic,0,0
synth_neg_0312.npz,negative_synthetic_clear,synthetic,0,0
synth_neg_0313.npz,negative_synthetic_clear,synthetic,0,0
synth_neg_0314.npz,negative_synthetic_cloud,synthetic,0,0
synth_neg_0315.npz,negative_synthetic_sunspot,synthetic,0,0
synth_neg_0316.npz,negative_synthetic_clear,synthetic,0,0
synth_neg_0317.npz,negative_synthetic_clear,synthetic,0,0
synth_neg_0318.npz,negative_synthetic_cloud,synthetic,0,0
synth_neg_0319.npz,negative_synthetic_sunspot,synthetic,0,0
synth_neg_0320.npz,negative_synthetic_clear,synthetic,0,0
synth_neg_0321.npz,negative_synthetic_clear,synthetic,0,0
synth_neg_0322.npz,negative_synthetic_cloud,synthetic,0,0
synth_neg_0323.npz,negative_synthetic_sunspot,synthetic,0,0
synth_neg_0324.npz,negative_synthetic_clear,synthetic,0,0
synth_neg_0325.npz,negative_synthetic_clear,synthetic,0,0
synth_neg_0326.npz,negative_synthetic_cloud,synthetic,0,0
synth_neg_0327.npz,negative_synthetic_sunspot,synthetic,0,0
synth_neg_0328.npz,negative_synthetic_clear,synthetic,0,0
synth_neg_0329.npz,negative_synthetic_clear,synthetic,0,0
synth_neg_0330.npz,negative_synthetic_cloud,synthetic,0,0
synth_neg_0331.npz,negative_synthetic_sunspot,synthetic,0,0
synth_neg_0332.npz,negative_synthetic_clear,synthetic,0,0
synth_neg_0333.npz,negative_synthetic_clear,synthetic,0,0
synth_neg_0334.npz,negative_synthetic_cloud,synthetic,0,0
synth_neg_0335.npz,negative_synthetic_sunspot,synthetic,0,0
synth_neg_0336.npz,negative_synthetic_clear,synthetic,0,0
synth_neg_0337.npz,negative_synthetic_clear,synthetic,0,0
synth_neg_0338.npz,negative_synthetic_cloud,synthetic,0,0
synth_neg_0339.npz,negative_synthetic_sunspot,synthetic,0,0
synth_neg_0340.npz,negative_synthetic_clear,synthetic,0,0
synth_neg_0341.npz,negative_synthetic_clear,synthetic,0,0
synth_neg_0342.npz,negative_synthetic_cloud,synthetic,0,0
synth_neg_0343.npz,negative_synthetic_sunspot,synthetic,0,0
synth_neg_0344.npz,negative_synthetic_clear,synthetic,0,0
synth_neg_0345.npz,negative_synthetic_clear,synthetic,0,0
synth_neg_0346.npz,negative_synthetic_cloud,synthetic,0,0
synth_neg_0347.npz,negative_synthetic_sunspot,synthetic,0,0
synth_neg_0348.npz,negative_synthetic_clear,synthetic,0,0
synth_neg_0349.npz,negative_synthetic_clear,synthetic,0,0
synth_neg_0350.npz,negative_synthetic_cloud,synthetic,0,0
synth_neg_0351.npz,negative_synthetic_sunspot,synthetic,0,0
synth_neg_0352.npz,negative_synthetic_clear,synthetic,0,0
synth_neg_0353.npz,negative_synthetic_clear,synthetic,0,0
synth_neg_0354.npz,negative_synthetic_cloud,synthetic,0,0
synth_neg_0355.npz,negative_synthetic_sunspot,synthetic,0,0
synth_neg_0356.npz,negative_synthetic_clear,synthetic,0,0
synth_neg_0357.npz,negative_synthetic_clear,synthetic,0,0
synth_neg_0358.npz,negative_synthetic_cloud,synthetic,0,0
synth_neg_0359.npz,negative_synthetic_sunspot,synthetic,0,0
synth_neg_0360.npz,negative_synthetic_clear,synthetic,0,0
synth_neg_0361.npz,negative_synthetic_clear,synthetic,0,0
synth_neg_0362.npz,negative_synthetic_cloud,synthetic,0,0
synth_neg_0363.npz,negative_synthetic_sunspot,synthetic,0,0
synth_neg_0364.npz,negative_synthetic_clear,synthetic,0,0
synth_neg_0365.npz,negative_synthetic_clear,synthetic,0,0
synth_neg_0366.npz,negative_synthetic_cloud,synthetic,0,0
synth_neg_0367.npz,negative_synthetic_sunspot,synthetic,0,0
synth_neg_0368.npz,negative_synthetic_clear,synthetic,0,0
synth_neg_0369.npz,negative_synthetic_clear,synthetic,0,0
synth_neg_0370.npz,negative_synthetic_cloud,synthetic,0,0
synth_neg_0371.npz,negative_synthetic_sunspot,synthetic,0,0
synth_neg_0372.npz,negative_synthetic_clear,synthetic,0,0
synth_neg_0373.npz,negative_synthetic_clear,synthetic,0,0
synth_neg_0374.npz,negative_synthetic_cloud,synthetic,0,0
synth_neg_0375.npz,negative_synthetic_sunspot,synthetic,0,0
synth_neg_0376.npz,negative_synthetic_clear,synthetic,0,0
synth_neg_0377.npz,negative_synthetic_clear,synthetic,0,0
synth_neg_0378.npz,negative_synthetic_cloud,synthetic,0,0
synth_neg_0379.npz,negative_synthetic_sunspot,synthetic,0,0
synth_neg_0380.npz,negative_synthetic_clear,synthetic,0,0
synth_neg_0381.npz,negative_synthetic_clear,synthetic,0,0
synth_neg_0382.npz,negative_synthetic_cloud,synthetic,0,0
synth_neg_0383.npz,negative_synthetic_sunspot,synthetic,0,0
synth_neg_0384.npz,negative_synthetic_clear,synthetic,0,0
synth_neg_0385.npz,negative_synthetic_clear,synthetic,0,0
synth_neg_0386.npz,negative_synthetic_cloud,synthetic,0,0
synth_neg_0387.npz,negative_synthetic_sunspot,synthetic,0,0
synth_neg_0388.npz,negative_synthetic_clear,synthetic,0,0
synth_neg_0389.npz,negative_synthetic_clear,synthetic,0,0
synth_neg_0390.npz,negative_synthetic_cloud,synthetic,0,0
synth_neg_0391.npz,negative_synthetic_sunspot,synthetic,0,0
synth_neg_0392.npz,negative_synthetic_clear,synthetic,0,0
synth_neg_0393.npz,negative_synthetic_clear,synthetic,0,0
synth_neg_0394.npz,negative_synthetic_cloud,synthetic,0,0
synth_neg_0395.npz,negative_synthetic_sunspot,synthetic,0,0
synth_neg_0396.npz,negative_synthetic_clear,synthetic,0,0
synth_neg_0397.npz,negative_synthetic_clear,synthetic,0,0
synth_neg_0398.npz,negative_synthetic_cloud,synthetic,0,0
synth_neg_0399.npz,negative_synthetic_sunspot,synthetic,0,0
